cd,poff,pon
0.01,1.236354701,1.216545279
0.02,1.231948308,1.212138886
0.03,1.231859102,1.21204968
0.04,1.231823166,1.212013744
0.05,1.231201639,1.211392217
0.06,1.229686325,1.209876902
0.07,1.228224872,1.20841545
0.08,1.22681745,1.207008028
0.09,1.225464613,1.205655191
0.1,1.22416663,1.204357207
0.11,1.222923969,1.203114547
0.12,1.221737186,1.201927764
0.13,1.220606849,1.200797426
0.14,1.219533555,1.199724133
0.15,1.218517975,1.198708553
0.16,1.217560989,1.197751567
0.17,1.216663184,1.196853762
0.18,1.215825641,1.196016219
0.19,1.215049115,1.195239693
0.2,1.21433473,1.194525308
0.21,1.213683474,1.193874052
0.22,1.213096631,1.193287209
0.23,1.212575416,1.192765994
0.24,1.21256285,1.192753428
0.25,1.213762887,1.193953464
0.26,1.21507232,1.195262898
0.27,1.216453069,1.196643647
0.28,1.217906825,1.198097403
0.29,1.219435393,1.19962597
0.3,1.221040763,1.201231341
0.31,1.222724838,1.202915415
0.32,1.224489816,1.204680394
0.33,1.226338091,1.206528669
0.34,1.228271866,1.208462444
0.35,1.230293933,1.210484511
0.36,1.232406893,1.212597471
0.37,1.234613643,1.214804221
0.38,1.236917385,1.217107962
0.39,1.23932121,1.219511787
0.4,1.241828922,1.222019499
0.41,1.244443913,1.224634491
0.42,1.247170384,1.227360962
0.43,1.250012336,1.230202914
0.44,1.252974562,1.233165139
0.45,1.256061763,1.236252341
0.46,1.259278934,1.239469512
0.47,1.262631675,1.242822253
0.48,1.266125983,1.246316561
0.49,1.26976806,1.249958638
0.5,1.273564698,1.253755276
0.51,1.277523098,1.257713676
0.52,1.28165106,1.261841638
0.53,1.285957178,1.266147756
0.54,1.290450354,1.270640932
0.55,1.295140382,1.27533096
0.56,1.300037765,1.280228342
0.57,1.305154195,1.285344772
0.58,1.310501973,1.290692551
0.59,1.316094498,1.295881991
0.6,1.32194657,1.301330978
0.61,1.328145526,1.307126849
0.62,1.334635065,1.313213303
0.63,1.341436837,1.31961199
0.64,1.348571849,1.326343917
0.65,1.356063297,1.33343228
0.66,1.363936778,1.340902676
0.67,1.372220491,1.348783304
0.68,1.380945934,1.357105663
0.69,1.390147903,1.365904546
0.7,1.399865504,1.375219062
0.71,1.397301827,1.3722523
0.72,1.39394987,1.368497258
0.73,1.390598237,1.364742541
0.74,1.387247127,1.360988345
0.75,1.383896329,1.357234462
0.76,1.38054605,1.353481098
0.77,1.377196086,1.349728049
0.78,1.373846534,1.345975412
0.79,1.370497494,1.342223287
0.8,1.367148763,1.338471471
0.81,1.39513784,1.366057463
0.82,1.423127323,1.393643861
0.83,1.451117211,1.421230664
0.84,1.479107399,1.448817767
0.85,1.507097991,1.476405275
0.86,1.535089083,1.503993282
0.87,1.563080573,1.531581687
0.88,1.59107246,1.559170489
0.89,1.619064642,1.586759586
0.9,1.647057317,1.614349176
0.91,1.651564909,1.61723799
0.92,1.656072501,1.620126803
0.93,1.660580093,1.623015617
0.94,1.665087685,1.625904431
0.95,1.669595276,1.628793245
0.96,1.674102868,1.631682058
0.97,1.67861046,1.634570872
0.98,1.683118052,1.637459686
0.99,1.687625643,1.640348499
1,1.692133235,1.643237313
1.01,1.696640827,1.646126127
1.02,1.701148419,1.649014941
1.03,1.705656011,1.651903754
1.04,1.710163602,1.654792568
1.05,1.714671194,1.657681382
1.06,1.704513373,1.647764991
1.07,1.69446852,1.63796157
1.08,1.684536259,1.62827074
1.09,1.674715947,1.618691859
1.1,1.665007348,1.609224691
1.11,1.65541002,1.599868794
1.12,1.645923486,1.590623691
1.13,1.636547319,1.581488956
1.14,1.627281152,1.57246422
1.15,1.618124705,1.563549204
1.16,1.608185922,1.553851852
1.17,1.59832715,1.54423451
1.18,1.588580868,1.53472966
1.19,1.578899363,1.525289586
1.2,1.569205938,1.515680662
1.21,1.559625555,1.506100279
1.22,1.550157909,1.496632633
1.23,1.540802591,1.487277315
1.24,1.531559408,1.478034132
1.25,1.522427986,1.46890271
1.26,1.513408033,1.459882757
1.27,1.504499286,1.45097401
1.28,1.495701483,1.442176207
1.29,1.487014467,1.433489191
1.3,1.478437687,1.424912411
1.31,1.469971198,1.416445922
1.32,1.461614574,1.408089298
1.33,1.453367679,1.399842403
1.34,1.445230082,1.391704806
1.35,1.437201869,1.383676593
1.36,1.42928253,1.375757254
1.37,1.421472046,1.36794677
1.38,1.413770027,1.360244751
1.39,1.406176465,1.352651189
1.4,1.398691064,1.345165788
1.41,1.39131355,1.337788274
1.42,1.384043715,1.330518439
1.43,1.376881597,1.323356321
1.44,1.369826717,1.316301441
1.45,1.362879096,1.30935382
1.46,1.356038569,1.302513293
1.47,1.349304773,1.295779497
1.48,1.342677745,1.289152469
1.49,1.33615722,1.282631944
1.5,1.329742853,1.276217577
1.51,1.323434894,1.269909618
1.52,1.317232894,1.263707618
1.53,1.311136704,1.257611428
1.54,1.305146287,1.251621011
1.55,1.299261399,1.245736123
1.56,1.293481918,1.239956642
1.57,1.287807893,1.234282617
1.58,1.282238808,1.228713532
1.59,1.276774829,1.223249553
1.6,1.27141574,1.217890464
1.61,1.266161398,1.212636122
1.62,1.261011608,1.207486332
1.63,1.25596633,1.202441054
1.64,1.251025374,1.197500098
1.65,1.246188701,1.192663425
1.66,1.241456113,1.187930837
1.67,1.2368275,1.183302224
1.68,1.232302855,1.178777579
1.69,1.227881971,1.174356695
1.7,1.22356475,1.170039474
1.71,1.219350977,1.165825701
1.72,1.215240575,1.161715299
1.73,1.211233631,1.157708355
1.74,1.207329954,1.153804678
1.75,1.203529351,1.150004075
1.76,1.199831753,1.146306477
1.77,1.19623723,1.142711954
1.78,1.192745447,1.139220171
1.79,1.189356518,1.135831242
1.8,1.186070137,1.132544861
1.81,1.183712135,1.130186859
1.82,1.181196013,1.127670737
1.83,1.178689993,1.125164717
1.84,1.17619399,1.122668714
1.85,1.173707925,1.120182649
1.86,1.171231718,1.117706442
1.87,1.168765292,1.115240016
1.88,1.166308573,1.112783297
1.89,1.163861494,1.110336218
1.9,1.161423964,1.107898688
1.91,1.158995822,1.105470546
1.92,1.156577094,1.103051818
1.93,1.154167613,1.100642337
1.94,1.151767301,1.098242025
1.95,1.149376206,1.09585093
1.96,1.146994047,1.093468771
1.97,1.144620957,1.091095681
1.98,1.14225679,1.0885942
1.99,1.139901366,1.086101462
2,1.137554721,1.083617503
2.01,1.135343141,1.08126861
2.02,1.133133727,1.078921881
2.03,1.130939638,1.076590479
2.04,1.128760576,1.074274102
2.05,1.126596347,1.071972559
2.06,1.124446765,1.069685663
2.07,1.122311756,1.067413341
2.08,1.120190929,1.065155199
2.09,1.118084311,1.062911267
2.1,1.115991544,1.060681187
2.11,1.113912467,1.058464795
2.12,1.111847123,1.056262138
2.13,1.109795142,1.054072843
2.14,1.107756393,1.05189678
2.15,1.105730728,1.049733801
2.16,1.103718094,1.047583853
2.17,1.101718159,1.045446604
2.18,1.09973099,1.043322121
2.19,1.097756356,1.041210173
2.2,1.09579403,1.039110533
2.21,1.09384398,1.03702317
2.22,1.091906094,1.034947969
2.23,1.089980142,1.032884704
2.24,1.088066113,1.030833361
2.25,1.086163801,1.028793734
2.26,1.084273086,1.026765706
2.27,1.082393863,1.024749169
2.28,1.080526126,1.022744118
2.29,1.078669565,1.020750242
2.3,1.076824193,1.018767557
2.31,1.074989897,1.016795947
2.32,1.073166582,1.014835318
2.33,1.071354068,1.01288549
2.34,1.069552239,1.010946347
2.35,1.067761122,1.009017916
2.36,1.065980618,1.007100099
2.37,1.064210435,1.005192602
2.38,1.062450604,1.003295456
2.39,1.060701129,1.001408668
2.4,1.058961725,0.999531949
2.41,1.057232425,0.997665336
2.42,1.055513129,0.995808726
2.43,1.05380368,0.993961962
2.44,1.052104081,0.99212505
2.45,1.050414272,0.990297927
2.46,1.048733973,0.98889681
2.47,1.047063318,0.987505338
2.48,1.045402124,0.986123325
2.49,1.043750325,0.984750709
2.5,1.042107856,0.983387421
2.51,1.040474647,0.982033395
2.52,1.038850535,0.980688464
2.53,1.037235536,0.979352648
2.54,1.035629611,0.978025906
2.55,1.034032583,0.97670806
2.56,1.032444388,0.975399046
2.57,1.030865064,0.974098905
2.58,1.02929446,0.972807483
2.59,1.027732502,0.971524707
2.6,1.026179044,0.970250431
2.61,1.024634217,0.968984786
2.62,1.023097868,0.967727619
2.63,1.021569843,0.966478777
2.64,1.020050179,0.965238295
2.65,1.018538729,0.964006027
2.66,1.017035432,0.962781912
2.67,1.015540343,0.961566005
2.68,1.014053299,0.960358143
2.69,1.012574353,0.959158379
2.7,1.011103249,0.957966458
2.71,1.009640049,0.95678244
2.72,1.008184685,0.955606258
2.73,1.006737116,0.954437871
2.74,1.005297195,0.953277132
2.75,1.003864964,0.952124083
2.76,1.002440285,0.950978587
2.77,1.001023211,0.949840694
2.78,0.999613487,0.948710153
2.79,0.998211276,0.947587124
2.8,0.996816424,0.946471454
2.81,0.995428886,0.945363098
2.82,0.99404862,0.944262014
2.83,0.992675588,0.943168165
2.84,0.991309632,0.94208139
2.85,0.989950816,0.941001757
2.86,0.988599005,0.939929128
2.87,0.987254192,0.938863497
2.88,0.985916335,0.937804822
2.89,0.984585353,0.936753023
2.9,0.983261223,0.935708075
2.91,0.981943886,0.934669919
2.92,0.980633272,0.933638488
2.93,0.97932936,0.932613758
2.94,0.978032087,0.931595667
2.95,0.976741388,0.93058415
2.96,0.975457236,0.929579181
2.97,0.974179575,0.928580702
2.98,0.972908364,0.927588673
2.99,0.971643539,0.92660303
3,0.970385072,0.925623745