time,goddard thrust
0.01,8486.446993
0.01,8486.446993
0.02,8949.24591
0.02,8949.24591
0.03,6976.394361
0.04,7018.778336
0.05,5098.055089
0.06,6310.390282
0.07,6680.496667
0.08,5323.440931
0.09,7046.984928
0.1,8302.888445
0.11,4850.249049
0.12,4848.091797
0.13,6475.644215
0.14,6844.865304
0.15,6051.458236
0.16,6051.458236
0.17,4976.862435
0.18,5068.527807
0.19,6415.756199
0.19,6415.756199
0.19,6415.756199
0.19,6415.756199
0.19,6415.756199
0.19,6415.756199
0.2,6043.975885
0.21,4649.982767
0.22,6599.146629
0.23,6596.277069
0.24,6361.558299
0.25,4828.388004
0.26,
0.26,
0.28,7971.353745
0.29,5977.691487
0.3,5141.872886
0.31,5370.804413
0.32,5553.333354
0.33,7399.887318
0.34,7396.710725
0.34,7396.710725
0.35,4946.651201
0.36,6882.207507
0.37,5080.847598
0.38,5032.697194
0.39,6781.370323
0.4,6781.370323
0.41,6781.370323
0.42,7601.896618
0.43,7601.896618
0.44,7601.896618
0.45,7601.896618
0.46,7681.77993
0.47,7681.77993
0.48,7681.77993
0.49,5607.968919
0.5,5607.968919
0.51,5607.968919
0.52,6837.871122
0.53,6148.823703
0.54,5276.590639
0.55,5503.009723
0.56,5500.792176
0.57,5041.960987
0.58,5450.722312
0.59,5174.827843
0.6,5766.477316
0.61,5580.932918
0.62,5624.257554
0.63,5485.426941
0.64,5710.828907
0.65,5572.089731
0.66,5798.177983
0.66,5798.177983
0.67,5795.876173
0.68,5111.245134
0.69,5972.925514
0.7,5425.013905
0.71,5832.107748
0.72,5194.075766
0.73,5509.329107
0.74,5597.786177
0.75,5369.218116
0.76,5638.691742
0.77,5365.075684
0.78,5363.019519
0.79,5768.642892
0.8,5629.977718
0.81,5627.808396
0.82,5580.523542
0.83,5804.87265
0.84,5350.825888
0.85,5213.593201
0.86,5617.06567
0.87,5524.874775
0.88,5703.732023
0.89,5701.56089
0.9,5563.612003
0.91,5291.870407
0.92,5424.672867
0.93,6007.255763
0.94,5330.88285
0.95,5373.771419
0.96,5640.801058
0.97,5593.880625
0.98,5412.624633
0.98,5412.624633
0.99,5365.859227
1,5363.888095
1.01,5451.376188
1.02,5359.958747
1.03,5626.141796
1.04,5669.668051
1.05,5622.012992
1.06,5710.115516
1.07,5127.23858
1.08,5080.823152
1.09,5301.830206
1.1,5835.346708
1.11,5833.20431
1.12,5073.665597
1.13,5740.000787
1.14,5470.26096
1.15,5512.742471
1.16,5644.93696
1.17,5109.214102
1.18,4930.013201
1.19,5238.96046
1.19,5238.96046
1.19,5238.96046
1.19,5238.96046
1.19,5238.96046
1.19,5238.96046
1.2,5814.546746
1.21,5058.31007
1.22,5056.755306
1.23,5409.473173
1.24,5319.28982
1.25,4963.737283
1.26,5537.17222
1.27,5535.464939
1.28,4782.593854
1.29,5222.888277
1.3,5044.72979
1.3,5044.72979
1.31,5131.523697
1.32,5836.710024
1.33,5834.927796
1.34,5567.832639
1.35,5345.894265
1.36,5036.076466
1.37,5607.771147
1.38,5385.194337
1.39,4811.864907
1.4,5557.880516
1.41,5028.913042
1.42,5334.942823
1.43,5245.589926
1.44,5244.062694
1.45,5461.907503
1.46,5109.519737
1.47,5195.741434
1.48,5150.436017
1.49,4973.795024
1.5,5147.515336
1.51,5189.821023
1.52,5407.050635
1.53,5230.627822
1.54,5098.047581
1.55,5096.650804
1.56,5576.453066
1.57,4831.975917
1.58,5266.955028
1.59,5047.44425
1.6,5176.834885
1.61,5175.43004
1.62,5261.115701
1.62,5261.115701
1.63,5172.585129
1.64,5214.717999
1.65,5213.297042
1.66,5691.055485
1.67,4949.744576
1.68,4948.413021
1.69,4686.55841
1.7,5293.046247
1.71,5204.823444
1.72,5073.336435
1.73,5505.538802
1.74,5287.38959
1.75,5459.266192
1.76,5457.805148
1.77,4980.285389
1.78,5022.300261
1.79,5020.995508
1.8,4890.009553
1.81,4888.760663
1.82,4930.697706
1.83,5188.486827
1.84,5576.335821
1.85,5228.924792
1.86,5141.399551
1.87,5140.095284
1.88,5138.831766
1.89,5051.396035
1.9,5050.133166
1.91,5177.929792
1.92,4961.593391
1.93,4960.368169
1.94,4873.209327
1.94,4873.209327
1.95,5172.684642
1.96,4913.792881
1.97,5341.765066
1.98,5340.419108
1.99,5167.59287
2,5166.329757
2.01,5165.095596
2.02,5292.292611
2.03,4777.388834
2.04,5332.475559
2.05,5373.9722
2.06,5030.665976
2.07,5285.89136
2.08,5113.767613
2.09,5112.548739
2.1,4855.306252
2.11,4811.524184
2.12,5194.17477
2.13,5022.444508
2.14,4680.443774
2.15,5275.58641
2.16,4891.235896
2.17,5230.546065
2.18,5016.672245
2.19,5143.052404
2.19,5143.052404
2.19,5143.052404
2.19,5143.052404
2.19,5143.052404
2.19,5143.052404
2.2,5141.870296
2.21,5140.70856
2.22,4757.371709
2.23,4756.325398
2.24,4882.562128
2.25,5178.323967
2.26,5177.15799
2.26,5177.15799
2.27,5048.888915
2.28,5174.812462
2.29,5088.96505
2.3,4749.385324
2.31,5002.116632
2.32,5001.031562
2.33,4915.434433
2.34,4998.853053
2.35,5293.342387
2.36,5038.961596
2.37,4953.506399
2.38,5121.157721
2.39,5204.350526
2.4,4613.362225
2.41,4949.355509
2.42,4822.009199
2.43,4821.016178
2.44,4819.974397
2.45,5197.339167
2.46,4649.887593
2.47,4901.027264
2.48,4774.011155
2.49,4731.086643
2.5,4939.919194
2.51,4855.096901
2.52,5105.667909
2.53,5734.021106
2.54,5732.776384
2.55,4809.715005
2.56,5059.994075
2.57,5100.851541
2.58,5392.541599
2.58,5392.541599
2.59,5182.436202
2.6,4554.773543
2.61,4762.751852
2.62,4344.45034
2.63,5094.732742
2.64,4926.924947
2.65,4925.971213
2.66,5216.790748
2.67,4882.56798
2.68,5339.656227
2.69,5005.646881
2.7,4130.229123
2.71,5086.823368
2.72,4254.548367
2.73,4918.594735
2.74,4710.056616
2.75,5124.359469
2.76,5123.4457
2.77,5786.99567
2.78,4914.361554
2.79,4830.670095
2.8,4995.545186
2.81,4787.660889
2.82,4869.672407
2.83,5199.776519
2.84,5364.26068
2.85,4949.923601
2.86,4949.117901
2.87,4948.313689
2.88,5360.334719
2.89,4822.856218
2.9,4822.096999
2.9,4822.096999
2.91,4615.111769
2.92,4573.236018
2.93,5066.839759
2.94,4777.695441
2.95,4859.286292
2.96,4817.446125
2.97,5722.358422
2.98,5721.349067
2.99,5185.330405
3,5184.59715
3.01,5183.836342
3.02,5512.116186
3.03,4772.025522
3.04,5099.364566
3.05,4893.650313
3.06,4974.874113
3.07,4769.378371
3.08,5137.111412
3.09,5136.357412
3.1,5217.388909
3.11,5462.731471
3.12,5215.81544
3.13,4111.29213
3.14,5214.185181
3.15,5335.758971
3.16,5049.336763
3.17,4722.383917
3.18,4558.675569
3.19,5128.516283
3.19,5128.516283
3.19,5128.516283
3.19,5128.516283
3.19,5128.516283
3.19,5128.516283
3.2,5127.751998
3.21,4882.731024
3.22,5248.278871
3.22,5248.278871
3.23,4637.378781
3.24,4880.742891
3.25,4392.362395
3.26,5244.841624
3.27,4472.551337
3.28,4634.403721
3.29,5161.278277
3.3,4876.595046
3.31,4875.918497
3.32,4834.805834
3.33,5158.23673
3.34,5441.719453
3.35,4792.603485
3.36,4508.82364
3.37,4831.813168
3.38,4750.358376
3.39,5073.012373
3.4,4749.292575
3.41,5395.471908
3.42,5394.766477
3.43,5191.52563
3.44,4666.801625
3.45,4948.39356
3.46,4303.355172
3.47,5108.150605
3.48,4986.78491
3.49,4825.279281
3.5,5348.331531
3.51,5145.806145
3.52,5024.753566
3.53,5024.166696
3.54,4863.042854
3.54,4863.042854
3.55,4862.464822
3.56,4661.36286
3.57,4861.302214
3.58,4620.329797
3.59,4499.732399
3.6,4899.739304
3.61,5299.413595
3.62,4658.704442
3.63,5378.912056
3.64,5378.23891
3.65,4537.795541
3.66,5296.248367
3.67,5016.186065
3.68,5135.437308
3.69,4376.956752
3.7,4974.644842
3.71,4137.216077
3.72,4614.97731
3.73,5251.644132
3.74,4972.395098
3.75,4971.909165
3.76,4692.978988
3.77,4573.416735
3.78,4851.195624
3.79,4691.839885
3.8,5525.930024
3.81,5127.667064
3.82,4968.550072
3.83,4968.126277
3.84,4967.631979
3.85,4729.513994
3.86,4729.121917
3.86,4729.121917
3.87,4887.171924
3.88,5084.509344
3.89,4925.842055
3.9,4648.771155
3.91,5083.155224
3.92,5161.751206
3.93,4884.910021
3.94,4924.153063
3.95,4923.899225
3.96,5515.819701
3.97,5515.358204
3.98,4923.075858
3.99,4883.371616
4,4883.03098
4.01,4882.764012
4.02,4725.138794
4.03,4764.113073
4.04,4528.035315
4.05,5117.038089
4.06,5116.616755
4.07,5155.456692
4.08,5155.141441
4.09,4801.850054
4.1,4997.555753
4.11,4958.074463
4.12,4996.920338
4.13,4644.264998
4.14,4957.110755
4.15,4839.401081
4.16,4839.044014
4.17,4838.842781
4.18,4916.697024
4.18,4916.697024
4.18,4916.697024
4.18,4916.697024
4.18,4916.697024
4.18,4916.697024
4.18,4916.697024
4.19,4916.395272
4.2,4603.953316
4.21,4759.837569
4.22,5188.546349
4.23,5188.247843
4.24,4447.643457
4.25,5422.011055
4.26,4875.824376
4.27,4603.211469
4.28,5264.217997
4.29,4875.071019
4.3,4874.862337
4.31,5030.043733
4.32,4641.555994
4.33,5029.529436
4.34,4990.340672
4.35,4602.402528
4.36,5028.539078
4.37,4873.402222
4.38,4524.638112
4.39,5105.291413
4.4,5182.410998
4.41,5182.112385
4.42,4447.343189
4.43,5646.013291
4.44,4408.74719
4.45,4794.961208
4.46,4408.85233
4.47,4948.927283
4.48,5102.942472
4.49,5179.898423
4.5,5025.611827
4.5,5025.611827
4.51,5449.911406
4.52,5449.776863
4.53,4948.379521
4.54,4794.508887
4.55,4832.944291
4.56,4986.629883
4.57,4832.840239
4.58,5063.037205
4.59,5062.908464
4.6,4986.058122
4.61,4947.663715
4.62,5139.299989
4.63,5139.189874
4.64,4602.86116
4.65,4679.500271
4.66,5023.754913
4.67,4679.587814
4.68,5023.649296
4.69,5061.778822
4.7,4756.076531
4.71,4908.726093
4.72,4679.667675
4.73,4717.832226
4.74,4717.90912
4.75,4908.471748
4.76,4870.355904
4.77,5136.89231
4.78,5136.827202
4.79,4756.272811
4.8,4566.132111
4.81,4908.3213
4.82,4718.273588
4.82,4718.273588
4.83,4642.396661
4.84,4832.210685
4.85,4832.133358
4.86,4680.396686
4.87,4718.266849
4.88,4718.347317
4.89,4945.65576
4.9,4794.227897
4.91,5134.881664
4.92,4869.91598
4.93,4453.945337
4.94,4718.83959
4.95,5059.076989
4.96,5058.992394
4.97,4719.157811
4.98,5058.857392
4.99,4643.971389
5,4644.121493
5.01,4719.525102
5.02,4757.412663
5.03,4682.427789
5.04,4908.655062
5.05,4758.430726
5.06,4796.350904
5.07,4796.434096
5.08,4759.130613
5.09,4872.109773
5.1,5060.117941
5.11,4609.990858
5.12,4647.77419
5.13,4498.169746
5.14,5324.243706
5.14,5324.243706
5.15,4574.128415
5.16,4874.308527
5.17,5024.553716
5.18,5024.863054
5.18,5024.863054
5.18,5024.863054
5.18,5024.863054
5.18,5024.863054
5.19,5212.417585
5.2,4089.607903
5.21,5175.506085
5.22,4615.18652
5.23,4951.726801
5.24,4690.706039
5.25,4915.180422
5.26,4952.867943
5.27,5102.409239
5.28,4729.738442
5.29,4730.206241
5.3,4581.494805
5.31,4991.703125
5.32,4954.929039
5.33,4508.621763
5.34,4918.39951
5.35,5179.267873
5.36,4882.148664
5.37,4808.379197
5.38,4697.472001
5.39,5143.602232
5.4,5144.191781
5.41,4847.568669
5.42,4996.572506
5.43,4700.396769
5.44,4886.321301
5.45,5072.045285
5.46,4887.248849
5.46,4887.248849
5.47,4850.632565
5.48,4592.054185
5.49,4740.600119
5.5,5074.059421
5.51,5074.442711
5.52,4853.092475
5.53,4927.47359
5.54,4263.214974
5.55,4928.13388
5.56,4596.678568
5.57,4560.273506
5.58,4929.390654
5.59,4450.680897
5.6,4782.805257
5.61,4930.576611
5.62,4931.010884
5.63,4637.258335
5.64,4821.856757
5.65,4822.332724
5.66,5116.952257
5.67,4896.77454
5.68,4750.530424
5.69,4861.232833
5.7,4678.327295
5.71,4678.884218
5.72,5119.468724
5.73,5120.022316
5.74,4753.892531
5.75,4718.011971
5.76,4791.770023
5.77,4682.60113
5.78,4719.707935
5.78,4719.707935
5.79,4720.186582
5.8,4684.167552
5.81,4465.310551
5.82,4794.772004
5.83,4795.064159
5.84,4503.804092
5.85,4759.772895
5.86,4504.832346
5.87,4870.011438
5.88,5016.25268
5.89,4615.951856
5.9,4580.360706
5.91,4653.618235
5.92,4654.147709
5.93,4727.517848
5.94,4727.952622
5.95,4619.60498
5.96,4729.211526
5.97,5056.695649
5.98,4621.858638
5.99,4949.100328
6,4840.899273
6.01,4950.224935
6.02,4769.770138
6.03,4444.232272
6.04,4662.40851
6.05,4663.23345
6.06,4628.378452
6.07,4557.281485
6.08,4305.468634
6.09,5029.700513
6.1,4633.479979
6.1,4633.479979
6.11,4779.270113
6.12,4636.353444
6.13,4854.715877
6.14,4821.384971
6.15,5004.572937
6.16,5007.234307
6.17,4541.65806
6.18,4688.615819
6.18,4688.615819
6.18,4688.615819
6.18,4688.615819
6.18,4688.615819
6.19,4691.418684
6.2,4586.284471
6.21,4877.411862
6.22,4413.56798
6.23,4453.368606
6.24,4816.443602
6.25,4496.742309
6.26,4823.491797
6.27,4468.251654
6.28,4471.998119
6.29,4619.020096
6.3,4730.179671
6.31,4447.242491
6.32,4379.386718
6.33,4454.863315
6.34,5031.543174
6.35,4605.984385
6.36,4573.871158
6.37,4756.554188
6.38,4510.057252
6.39,4513.922861
6.4,4553.388111
6.41,4878.400943
6.42,4453.975761
6.42,4453.975761
6.43,4672.059774
6.44,4818.717322
6.45,4858.407115
6.46,5004.90944
6.47,4403.523099
6.48,4763.653799
6.49,4874.467426
6.5,4878.478542
6.51,4669.170596
6.52,4460.15572
6.53,4855.309377
6.54,4859.667909
6.55,5041.627796
6.56,4903.992428
6.57,4943.951844
6.58,4948.457977
6.59,4917.565875
6.6,4638.527574
6.61,4642.786894
6.62,4576.052552
6.63,4686.634195
6.64,4867.626076
6.65,4766.030221
6.66,4628.983874
6.67,4633.228988
6.68,5132.338228
6.69,4607.227839
6.7,4823.566433
6.71,4828.09295
6.72,4832.80468
6.73,4484.719122
6.74,5194.53815
6.74,5194.53815
6.75,5022.984085
6.76,4745.961976
6.77,5067.543203
6.78,5037.043203
6.79,4865.811634
6.8,4412.684126
6.81,4910.043093
6.82,4527.722145
6.83,4532.65608
6.84,4677.3905
6.85,4857.563005
6.86,4967.557299
6.87,4972.310592
6.88,4871.882178
6.89,4736.643005
6.9,4566.206915
6.91,4710.935215
6.92,4470.105678
6.93,4825.595444
6.94,4830.606798
6.95,4765.497355
6.96,4840.407289
6.97,4530.017768
6.98,4534.780389
6.99,4644.547777
7,4473.928836
7.01,4618.818672
7.02,4448.57256
7.03,4802.538227
7.04,4841.955632
7.05,4846.74253
7.06,4781.903059
7.06,4781.903059
7.07,4403.134938
7.08,4686.961382
7.09,4621.441008
7.1,4521.816548
7.11,4735.521294
7.12,4565.924125
7.13,4918.479515
7.14,4539.516887
7.15,4682.428234
7.16,4686.70223
7.17,4725.898209
7.18,4556.72173
7.18,4556.72173
7.18,4556.72173
7.18,4556.72173
7.18,4556.72173
7.19,4596.348386
7.2,4531.990309
7.21,4779.732172
7.22,4576.748274
7.23,4581.653197
7.24,4413.93627
7.25,4487.700409
7.26,4526.698742
7.27,4531.429496
7.28,4605.254061
7.29,4402.6153
7.3,4613.775682
7.31,4442.648226
7.32,4271.696951
7.33,4342.101807
7.34,4757.173929
7.35,4378.843976
7.36,4586.331078
7.37,4518.464621
7.38,4519.017601
7.38,4519.017601
7.39,4691.4168
7.4,4485.673725
7.41,4623.010574
7.42,4761.435476
7.43,4691.865647
7.44,4623.347068
7.45,4795.389901
7.46,4692.239477
7.47,4555.838263
7.48,4590.267056
7.49,4590.963716
7.5,4489.553545
7.51,4353.497643
7.52,4354.432842
7.53,4697.338108
7.54,4697.9766
7.55,4528.163883
7.56,4494.95811
7.57,4428.289827
7.58,4736.032576
7.59,4566.274812
7.6,4567.527683
7.61,4807.434729
7.62,4364.842478
7.63,4229.768191
7.64,4332.742969
7.65,4741.352526
7.66,4640.815931
7.67,4607.43812
7.68,4574.565028
7.69,4676.872472
7.7,4270.838329
7.7,4270.838329
7.71,4271.709593
7.72,4815.882929
7.73,4374.94796
7.74,4478.137562
7.75,4513.174518
7.76,4480.317169
7.77,4311.955933
7.78,4245.712617
7.79,4686.3754
7.8,4349.583851
7.81,4350.62434
7.82,4757.503142
7.83,4454.619088
7.84,4455.313449
7.85,4557.838322
7.86,4659.942358
7.87,4424.459532
7.88,4324.943865
7.89,4258.488248
7.9,4495.036094
7.91,4159.664206
7.92,4159.983166
7.93,4530.735779
7.94,4631.923356
7.95,4633.049843
7.96,4365.20373
7.97,4265.192759
7.98,4568.297133
7.99,4603.11105
8,4503.205848
8.01,4471.066772
8.02,4572.929481
8.02,4572.929481
8.03,4573.895225
8.04,4407.777722
8.05,4342.146702
8.06,4410.030156
8.07,4545.254365
8.08,4379.118693
8.09,4280.289917
8.1,4648.817063
8.11,4216.002811
8.12,4517.59524
8.13,4518.715318
8.14,4520.074812
8.15,4220.870493
8.16,4455.185434
8.17,4522.774531
8.18,4523.769404
8.18,4523.769404
8.18,4523.769404
8.18,4523.769404
8.18,4523.769404
8.19,4524.500031
8.2,4492.041729
8.21,4526.446295
8.22,4826.817027
8.23,4394.612425
8.24,4163.120685
8.25,4330.119839
8.26,4330.808992
8.27,4398.395561
8.28,4431.972437
8.29,4399.347703
8.3,4499.943563
8.31,4566.831963
8.32,4104.015632
8.33,4535.3713
8.34,4569.194311
8.34,4569.194311
8.35,4239.688449
8.36,4571.123588
8.37,4571.882661
8.38,4044.721725
8.39,4606.804645
8.4,4376.607229
8.41,4410.707002
8.42,4510.525621
8.43,4577.127019
8.44,4577.086416
8.45,4609.599663
8.46,4247.245979
8.47,4445.289119
8.48,4445.265465
8.49,4248.035401
8.5,4445.712817
8.51,4314.351232
8.52,4446.256197
8.53,4414.044252
8.54,4479.924689
8.55,4382.540348
8.56,4285.309016
8.57,4449.845236
8.58,4450.419564
8.59,4451.266675
8.6,4386.311707
8.61,4484.834465
8.62,4518.067023
8.63,4551.186471
8.64,4323.260998
8.65,4258.334351
8.66,4324.84577
8.66,4324.84577
8.67,4521.35408
8.68,4326.571281
8.69,4294.713549
8.7,4295.095293
8.71,4588.75198
8.72,4458.751666
8.73,4231.531914
8.74,4720.062958
8.75,4655.61748
8.76,4330.762257
8.77,4493.860654
8.78,4462.017531
8.79,4559.653415
8.8,4494.861626
8.81,4495.470693
8.82,4431.479459
8.83,4464.178496
8.84,4723.56518
8.85,4626.970019
8.86,4562.602793
8.87,4530.973744
8.88,4466.647237
8.89,4532.245783
8.9,4209.474117
8.91,4662.740825
8.92,4663.08206
8.93,4469.993926
8.94,4567.370459
8.95,4568.413139
8.96,4988.943907
8.97,4118.855717
8.98,4505.666054
8.98,4505.666054
8.99,4474.767352
9,4604.45572
9.01,4540.936752
9.02,4348.620739
9.03,4349.173862
9.04,4285.38954
9.05,4382.137762
9.06,4061.65855
9.07,4768.147495
9.08,4126.446084
9.09,4576.235725
9.1,4351.854304
9.11,4480.397087
9.12,4320.273525
9.13,4384.680158
9.14,4384.925596
9.15,4353.445751
9.16,4322.379869
9.17,4546.389557
9.18,4259.184504
9.18,4259.184504
9.18,4259.184504
9.18,4259.184504
9.18,4259.184504
9.19,4067.99826
9.2,4515.664947
9.21,4516.092601
9.22,4548.759648
9.23,4293.904951
9.24,4262.455366
9.25,4263.196851
9.26,4358.81765
9.27,4518.584801
9.28,4232.824908
9.29,4679.09128
9.3,4679.273033
9.3,4679.273033
9.31,4393.731059
9.32,4553.277597
9.33,4490.100543
9.34,4268.417141
9.35,4618.294426
9.36,4618.272726
9.37,4491.843605
9.38,4365.004747
9.39,4333.711232
9.4,4366.240025
9.41,4429.526286
9.42,4271.60482
9.43,4430.73162
9.44,4558.217437
9.45,4527.631649
9.46,4655.466596
9.47,4656.453919
9.48,4468.098059
9.49,4500.79428
9.5,4659.271702
9.51,4470.984464
9.52,4629.462612
9.53,4441.453581
9.54,4315.552515
9.55,4505.39116
9.56,4600.58972
9.57,4286.965167
9.58,4287.848876
9.59,4414.665189
9.6,4289.208197
9.61,4509.8335
9.62,4541.939142
9.62,4541.939142
9.63,4761.845214
9.64,4323.352686
9.65,4229.291366
9.66,4417.391094
9.67,4762.797168
9.68,4324.661206
9.69,4324.864478
9.7,4294.163404
9.71,4575.768016
9.72,4263.969423
9.73,4420.840259
9.74,4483.036442
9.75,4389.65156
9.76,4358.334811
9.77,4327.030224
9.78,4326.585392
9.79,4482.704804
9.8,4482.720534
9.81,4546.237564
9.82,4608.272846
9.83,4142.081931
9.84,4359.705492
9.85,4360.322845
9.86,4454.411905
9.87,4299.310275
9.88,4238.416541
9.89,4238.497858
9.9,4394.118574
9.91,4395.150005
9.92,4147.512624
9.93,4767.876281
9.94,4674.678609
9.94,4674.678609
9.95,4087.463482
9.96,4180.496144
9.97,4521.230735
9.98,4459.689535
9.99,4119.980732
10,4120.52755
10.01,4243.660353
10.02,4243.805062
10.03,4645.316659
10.04,4368.40287
10.05,4522.221093
10.06,4430.064131
10.07,4646.294991
10.08,4646.044431
10.09,4369.101426
10.1,4369.802524
10.11,4369.958417
10.12,4339.12758
10.13,4339.853707
10.14,4432.088786
10.15,4309.505493
10.16,4555.668833
10.17,4279.520299
10.18,4310.327019
10.18,4310.327019
10.18,4310.327019
10.18,4310.327019
10.18,4310.327019
10.19,4311.166929
10.2,4342.433042
10.21,4373.588783
10.22,4189.561646
10.23,4250.759132
10.24,4250.970051
10.25,4343.951309
10.26,4312.976182
10.26,4312.976182
10.27,4344.941657
10.28,4620.54486
10.29,4468.529363
10.3,4744.417789
10.31,4530.779869
10.32,4378.279822
10.33,4317.730201
10.34,4379.287904
10.35,4380.19454
10.36,4441.549026
10.37,4289.904039
10.38,4534.004056
10.39,4412.741673
10.4,4473.00107
10.41,4412.309486
10.42,4412.347904
10.43,4230.904382
10.44,4534.812076
10.45,4474.337662
10.46,4474.755325
10.47,4020.79784
10.48,4475.787187
10.49,4476.314799
10.5,4355.372112
10.51,4265.299612
10.52,4477.859372
10.53,4478.409138
10.54,4145.733502
10.55,4811.411339
10.56,4691.087816
10.57,4690.89768
10.58,4328.832146
10.58,4328.832146
10.59,4390.062573
10.6,4450.280864
10.61,4571.541837
10.62,4541.80506
10.63,4541.407011
10.64,4240.326594
10.65,4480.718686
10.66,4450.486641
10.67,4329.880933
10.68,4329.241512
10.69,4299.544026
10.7,4209.316813
10.71,4119.494461
10.72,4240.125902
10.73,4720.812942
10.74,4270.905137
10.75,4091.31956
10.76,4481.618487
10.77,4302.313841
10.78,4272.577915
10.79,4273.201217
10.8,4094.154271
10.81,4392.99548
10.82,4574.07004
10.83,4126.138592
10.84,4574.654749
10.85,4514.780074
10.86,4544.933862
10.87,4603.656822
10.88,4275.935672
10.89,4364.868007
10.9,4366.54109
10.9,4366.54109
10.91,4515.562233
10.92,4635.297125
10.93,4516.956687
10.94,4249.114579
10.95,4249.862785
10.96,4666.461783
10.97,4369.59546
10.98,4369.651442
10.99,4429.100591
11,4399.929629
11.01,4400.089298
11.02,4311.430914
11.03,4311.719385
11.04,4400.801308
11.05,4134.180409
11.06,4164.150137
11.07,4430.809694
11.08,4400.717185
11.09,4519.106406
11.1,4520.599584
11.11,4432.667353
11.12,4433.105045
11.13,4610.539061
11.14,4168.277215
11.15,4552.662756
11.16,4494.0678
11.17,4495.112788
11.18,4288.273616
11.18,4288.273616
11.18,4288.273616
11.18,4288.273616
11.18,4288.273616
11.19,4376.58896
11.2,4406.618149
11.21,4318.314015
11.22,4435.911591
11.22,4435.911591
11.23,4435.879934
11.24,4436.433776
11.25,4347.719239
11.26,4347.532954
11.27,4318.808931
11.28,4172.28747
11.29,4436.745223
11.3,4436.822718
11.31,4642.416384
11.32,4232.628489
11.33,4467.696829
11.34,4467.87542
11.35,4468.269077
11.36,4497.517356
11.37,4585.380404
11.38,4469.9962
11.39,4499.30764
11.4,4177.78819
11.41,4120.429955
11.42,4412.860583
11.43,4325.602039
11.44,4325.895731
11.45,4325.872169
11.46,4384.258752
11.47,4354.523442
11.48,4442.766426
11.49,4443.756896
11.5,4327.095359
11.51,4066.129595
11.52,4472.584121
11.53,4531.10663
11.54,4356.125339
11.54,4356.125339
11.55,4182.026798
11.56,4182.641204
11.57,4386.091209
11.58,4415.364914
11.59,4270.324747
11.6,4386.131091
11.61,4038.649993
11.62,4357.548677
11.63,4444.820337
11.64,4184.394725
11.65,4417.009434
11.66,4244.323982
11.67,4245.236203
11.68,4448.479328
11.69,4621.968259
11.7,4477.824988
11.71,4390.820666
11.72,4189.244374
11.73,4449.023639
11.74,4449.417681
11.75,4304.961536
11.76,4305.219482
11.77,4478.219102
11.78,4477.457564
11.79,4305.016547
11.8,4362.51169
11.81,4362.296141
11.82,4332.554167
11.83,4275.275141
11.84,4304.560854
11.85,4362.061394
11.86,4361.821095
11.86,4361.821095
11.87,4361.547875
11.88,4304.17165
11.89,4304.093794
11.9,4246.700796
11.91,4504.584305
11.92,4504.13676
11.93,4789.931706
11.94,4332.310806
11.95,4274.366544
11.96,4275.592387
11.97,4192.172815
11.98,4220.869273
11.99,4079.271977
12,4080.464723
12.01,4280.586482
12.02,4594.484758
12.03,4594.854678
12.04,4594.929064
12.05,4082.253445
12.06,4082.516425
12.07,4367.830125
12.08,4140.214395
12.09,4339.049376
12.1,4367.708803
12.11,4367.648496
12.12,4196.948729
12.13,4169.358323
12.14,4169.587254
12.15,4453.005989
12.16,4310.801861
12.17,4198.189242
12.18,4339.171186
12.18,4339.171186
12.18,4339.171186
12.18,4339.171186
12.18,4339.171186
12.18,4339.171186
12.19,4339.843985
12.2,4339.024136
12.21,4141.231913
12.22,4140.859223
12.23,4197.467766
12.24,4141.185124
12.25,4367.470739
12.26,4225.332863
12.27,4507.374112
12.28,4225.593718
12.29,4196.366638
12.3,4393.046393
12.31,4111.776465
12.32,4364.850193
12.33,4364.780874
12.34,4280.286235
12.35,4421.348204
12.36,4392.055876
12.37,4222.576021
12.38,4390.890113
12.39,4082.151468
12.4,4222.590931
12.41,4390.093593
12.42,4390.065337
12.43,4138.66606
12.44,4137.709885
12.45,4221.831058
12.46,4305.03258
12.47,4473.306813
12.48,4053.474011
12.49,4109.459431
12.5,4276.802073
12.5,4276.802073
12.51,4053.785517
12.52,4080.957636
12.53,4443.362367
12.54,4443.212108
12.55,4442.975779
12.56,4220.211553
12.57,4553.546517
12.58,4470.086963
12.59,4442.293354
12.6,4109.02024
12.61,4415.455083
12.62,4165.903435
12.63,4332.083905
12.64,4359.933394
12.65,4249.379906
12.66,4249.170297
12.67,4360.760623
12.68,4222.600919
12.69,4499.485357
12.7,4221.898203
12.71,4719.910655
12.72,4250.375284
12.73,4360.496003
12.74,4332.47329
12.75,4221.854444
12.76,4166.429094
12.77,4166.126579
12.78,4220.717328
12.79,4138.516952
12.8,4221.624772
12.81,4497.377379
12.82,4332.816026
12.82,4332.816026
12.83,4525.697472
12.84,4443.463353
12.85,4307.191817
12.86,4582.914488
12.87,4309.294379
12.88,4309.51648
12.89,4200.316637
12.9,4556.896741
12.91,4118.296477
12.92,4090.358405
12.93,4447.636106
12.94,4310.267863
12.95,4310.078254
12.96,4391.621545
12.97,4118.136204
12.98,4363.977252
12.99,4365.076359
13,4392.289602
13.01,4310.493387
13.02,4146.556607
13.03,4392.285552
13.04,4119.379431
13.05,4310.663951
13.06,4555.77622
13.07,4256.634556
13.08,4447.141455
13.09,4365.107944
13.1,4365.355565
13.11,4256.94655
13.12,4338.549325
13.13,4229.632847
13.14,4010.898542
13.14,4010.898542
13.15,4229.256034
13.16,4310.942636
13.17,4283.513034
13.18,4365.240073
13.18,4365.240073
13.18,4365.240073
13.18,4365.240073
13.18,4365.240073
13.19,4256.595948
13.2,4202.140388
13.21,4202.516802
13.22,4203.352878
13.23,4285.744716
13.24,4394.763316
13.25,4449.350887
13.26,4260.359067
13.27,4342.36196
13.28,4422.912377
13.29,4153.342723
13.3,4154.036405
13.31,4451.09727
13.32,4451.545063
13.33,4235.040936
13.34,4073.785545
13.35,4208.152206
13.36,4235.575406
13.37,4397.261517
13.38,4343.348551
13.39,4209.442575
13.4,4343.926346
13.41,4263.57536
13.42,4316.67508
13.43,4316.028791
13.44,3940.55151
13.45,4046.839988
13.46,3724.465214
13.46,3724.465214
13.47,3804.008318
13.48,3803.833898
13.49,3830.624698
13.5,3963.771365
13.51,3749.340544
13.52,3856.578261
13.53,3695.681882
13.54,3695.865279
13.55,3695.137243
13.56,3748.673246
13.57,3614.524029
13.58,3614.034761
13.59,4013.361402
13.6,3666.343602
13.61,3745.516254
13.62,3372.385293
13.63,3743.459979
13.64,3636.874582
13.65,3636.150553
13.66,3528.222407
13.67,3527.766027
13.68,3261.980804
13.69,3206.94631
13.7,3498.543247
13.71,3205.169104
13.72,3176.453296
13.73,3360.670351
13.74,2776.783972
13.75,2934.210726
13.76,2932.999757
13.77,3143.329604
13.78,3141.969358
13.78,3141.969358
13.79,2771.287574
13.8,2822.82962
13.81,2821.478591
13.82,2713.946067
13.83,2554.532916
13.84,2658.039689
13.85,2551.831699
13.86,2603.132709
13.87,2601.977113
13.88,2548.019075
13.89,2546.175393
13.9,2439.49429
13.91,2227.105264
13.92,2330.725342
13.93,2303.534998
13.94,2169.796689
13.95,2456.514436
13.96,2271.059133
13.97,2164.658997
13.98,2162.375092
13.98,2162.375092
13.99,2291.906183
14,2289.152175
14.01,2051.191703
14.02,2100.01773
14.03,2095.369538
14.04,2273.82757
14.05,2268.270698
14.06,1844.750948
14.07,2204.936872
14.08,1965.332823
14.09,1961.350924
14.1,2269.559355
14.1,2269.559355
14.11,2265.502466
14.12,2209.724851
14.13,1946.557045
14.14,1943.466571
14.15,2044.414845
14.16,2040.717117
14.17,1830.039241
14.18,1904.044294
14.18,1904.044294
14.18,1904.044294
14.19,1902.17948
14.2,1821.413881
14.21,1948.637998
14.22,2127.975949
14.23,2203.866381
14.24,2254.612124
14.25,1942.525668
14.26,2097.026752
14.27,1965.898466
14.28,2093.424233
14.29,2091.888463
14.3,1883.412102
14.31,1882.44041
14.32,1984.936139
14.33,2035.837001
14.34,1931.892581
14.35,2033.668053
14.36,1723.454096
14.37,1774.08243
14.38,2287.203989
14.39,1899.431491
14.4,2052.015768
14.41,2101.87685
14.42,2100.835584
14.42,2100.835584
14.43,1970.240827
14.44,1968.49482
14.45,2044.399484
14.46,1888.735406
14.47,1835.342841
14.48,2090.399418
14.49,1985.854359
14.5,1933.042429
14.51,1956.725823
14.52,1955.39428
14.53,1953.216279
14.54,2079.254373
14.55,1949.120696
14.56,1845.602064
14.57,2149.522272
14.58,1968.452514
14.59,1787.483916
14.6,2115.917599
14.61,1935.336245
14.62,1857.00527
14.63,1854.458353
14.64,1851.297481
14.65,1949.623727
14.66,2047.916719
14.67,1917.897507
14.68,1890.013489
14.69,2090.314592
14.7,1910.316975
14.71,1730.276658
14.72,1701.705173
14.73,1776.816822
14.74,2002.709452
14.74,2002.709452
14.75,2001.495317
14.76,1847.847365
14.77,2048.165827
14.78,1868.94258
14.79,1892.066317
14.8,1915.983535
14.81,1940.287327
14.82,1965.150968
14.83,1711.92207
14.84,1811.542334
14.85,1886.336179
14.86,1885.142705
14.87,1833.566467
14.88,2133.809238
14.89,1956.710948
14.9,1855.029907
14.91,1879.187267
14.92,1727.535475
14.93,1977.213631
14.94,1775.607172
14.95,1774.608547
14.96,1873.067553
14.97,1871.646653
14.98,1919.19854
14.99,2092.253987
15,1815.44643
15.01,1938.092522
15.02,1986.883244
15.03,1884.44754
15.04,1832.821601
15.05,2031.129154
15.06,1754.206577
15.06,1754.206577
15.07,2025.763144
15.08,2023.658705
15.09,2096.30485
15.1,1770.431022
15.11,1818.367096
15.12,1840.785972
15.13,1962.183055
15.14,1810.727339
15.15,1882.801747
15.16,1755.989435
15.17,1828.050274
15.18,1776.105141
15.18,1776.105141
15.18,1776.105141
15.19,1773.770987
15.2,1621.628253
15.21,2040.269867
15.22,1691.015736
15.23,1837.216745
15.24,1786.404345
15.25,1784.606935
15.26,1856.435133
15.27,1780.060981
15.28,1778.612565
15.29,1900.699944
15.3,1898.385806
15.31,1674.213341
15.32,1821.316437
15.33,1893.92885
15.34,1867.698998
15.35,1742.024706
15.36,1888.523823
15.37,1664.559791
15.38,1711.759339
15.38,1711.759339
15.39,1808.754188
15.4,1907.417815
15.41,1905.800779
15.42,1954.294594
15.43,1679.961868
15.44,1702.496371
15.45,1973.631154
15.46,1749.839532
15.47,1723.416763
15.48,1920.722592
15.49,1968.359441
15.5,1644.668456
15.51,1791.551128
15.52,1789.971019
15.53,1663.881882
15.54,1712.039968
15.55,1734.930525
15.56,1832.511879
15.57,1781.339712
15.58,1878.376706
15.59,1728.277505
15.6,1924.871499
15.61,1800.127483
15.62,1847.657705
15.63,1846.512732
15.64,1721.627675
15.65,1694.72913
15.66,1716.995355
15.67,1887.295206
15.68,1859.650812
15.69,1906.642912
15.7,1706.901795
15.7,1706.901795
15.71,1828.785114
15.72,1776.878088
15.73,1675.382572
15.74,1672.535136
15.75,1695.327105
15.76,1643.741981
15.77,1741.252807
15.78,1739.291056
15.79,1712.802968
15.8,1760.095834
15.81,1560.163043
15.82,1831.520966
15.83,1557.675838
15.84,1803.70801
15.85,1801.693831
15.86,1824.573199
15.87,1699.645929
15.88,1723.013302
15.89,1721.316677
15.9,1620.774736
15.91,1619.249011
15.92,1741.549694
15.93,1888.204593
15.94,1713.345666
15.95,1637.219359
15.96,1636.633607
15.97,1783.942953
15.98,1732.971568
15.99,1682.168889
16,1679.654247
16.01,1703.454698
16.02,1726.659183
16.02,1726.659183
16.03,1724.999765
16.04,1574.166874
16.05,1572.651188
16.06,1595.861447
16.07,1594.097516
16.08,1667.039516
16.09,1616.245814
16.1,1738.981349
16.11,1737.413605
16.12,1586.413008
16.13,1707.707496
16.14,1507.008461
16.15,1554.612569
16.16,1701.12044
16.17,1624.192379
16.18,1622.089544
16.19,1694.249376
16.19,1694.249376
16.19,1694.249376
16.19,1694.249376
16.19,1694.249376
16.19,1694.249376
16.2,1691.671167
16.21,1640.064276
16.22,1539.041514
16.23,1512.136148
16.24,1460.285349
16.25,1582.045863
16.26,1728.932652
16.27,1578.939701
16.28,1552.11827
16.29,1550.086282
16.3,1597.867594
16.31,1770.126206
16.32,1644.235818
16.33,1667.572079
16.34,1715.694733
16.34,1715.694733
16.35,1540.922148
16.36,1415.26494
16.37,1587.730186
16.38,1486.100527
16.39,1484.612276
16.4,1482.708746
16.41,1555.762977
16.42,1553.767195
16.43,1651.631925
16.44,1600.045956
16.45,1573.519612
16.46,1646.155201
16.47,1445.68292
16.48,1568.105152
16.49,1591.123068
16.5,1564.885857
16.51,1563.5671
16.52,1685.770024
16.53,1559.033238
16.54,1409.251277
16.55,1432.137581
16.56,1479.91408
16.57,1725.42135
16.58,1376.209936
16.59,1672.25845
16.6,1471.992409
16.61,1494.79613
16.62,1492.487372
16.63,1466.289906
16.64,1539.247188
16.65,1339.157067
16.66,1585.147831
16.66,1585.147831
16.67,1583.587567
16.68,1483.517174
16.69,1605.088647
16.7,1628.084261
16.71,1675.896424
16.72,1525.366301
16.73,1523.420808
16.74,1447.217204
16.75,1445.337065
16.76,1592.146921
16.77,1367.225441
16.78,1489.756125
16.79,1661.652029
16.8,1511.796202
16.81,1683.3552
16.82,1607.958654
16.83,1457.965782
16.84,1456.116158
16.85,1553.42455
16.86,1427.637252
16.87,1377.557272
16.88,1574.166526
16.89,1349.226031
16.9,1644.904643
16.91,1395.493369
16.92,1343.752774
16.93,1441.015243
16.94,1538.801756
16.95,1536.715977
16.96,1386.403656
16.97,1360.007997
16.98,1358.201564
16.98,1358.201564
16.99,1431.268057
17,1503.669684
17.01,1502.441525
17.02,1500.854344
17.03,1449.758587
17.04,1348.938764
17.05,1396.92252
17.06,1395.426723
17.07,1293.787645
17.08,1390.89829
17.09,1389.266582
17.1,1535.358417
17.11,1533.777751
17.12,1334.63468
17.13,1431.772087
17.14,1380.711309
17.15,1402.794841
17.16,1426.197841
17.17,1424.813166
17.18,1373.321883
17.19,1346.119781
17.19,1346.119781
17.19,1346.119781
17.19,1346.119781
17.19,1346.119781
17.19,1346.119781
17.2,1419.550699
17.21,1467.465698
17.22,1466.139771
17.23,1340.222714
17.24,1289.812518
17.25,1312.644812
17.26,1211.923929
17.27,1532.172461
17.28,1530.303555
17.29,1404.962482
17.3,1428.30944
17.3,1428.30944
17.31,1426.768755
17.32,1474.790106
17.33,1325.02561
17.34,1472.128374
17.35,1495.286788
17.36,1443.613955
17.37,1343.010928
17.38,1242.463816
17.39,1240.991378
17.4,1462.044999
17.41,1262.262431
17.42,1309.509332
17.43,1432.031956
17.44,1405.503711
17.45,1379.061864
17.46,1377.23969
17.47,1103.194857
17.48,1448.788425
17.49,1348.656399
17.5,1346.489944
17.51,1270.738334
17.52,1169.907493
17.53,1316.600479
17.54,1240.362175
17.55,1213.852407
17.56,1311.200855
17.57,1359.01248
17.58,1282.365482
17.59,1255.827312
17.6,1353.391177
17.61,1351.879397
17.62,1374.935544
17.62,1374.935544
17.63,1249.889616
17.64,1421.31509
17.65,1196.556987
17.66,1244.694736
17.67,1267.944003
17.68,1340.947069
17.69,1389.41229
17.7,1288.266562
17.71,1286.979105
17.72,1285.199169
17.73,1308.513491
17.74,1307.201034
17.75,1181.49719
17.76,1179.896569
17.77,1227.859671
17.78,1350.492772
17.79,1373.183871
17.8,900.2444386
17.81,1345.098103
17.82,1343.231163
17.83,1316.46918
17.84,1191.070218
17.85,1189.658553
17.86,1262.250573
17.87,1260.746065
17.88,1011.123044
17.89,1207.528464
17.9,1081.899208
17.91,1154.952517
17.92,1351.353447
17.93,1350.026175
17.94,1174.931975
17.94,1174.931975
17.95,1321.811368
17.96,1320.834733
17.97,1344.100846
17.98,1193.949898
17.99,1241.978404
18,1314.441912
18.01,1188.681524
18.02,1088.28602
18.03,1185.888652
18.04,1184.361808
18.05,1282.866351
18.06,1329.991232
18.07,1328.353998
18.08,1103.065217
18.09,1324.575964
18.1,1223.813448
18.11,1098.381591
18.12,1146.214805
18.13,1045.753831
18.14,1365.598608
18.15,1363.616349
18.16,1312.896099
18.17,1261.882944
18.18,1359.138311
18.19,1159.88443
18.19,1159.88443
18.19,1159.88443
18.19,1159.88443
18.19,1159.88443
18.19,1159.88443
18.2,1158.416995
18.21,1231.404657
18.22,1254.952641
18.23,1253.567211
18.24,1251.698185
18.25,1151.955503
18.26,1348.716675
18.26,1348.716675
18.27,1347.644108
18.28,1097.64539
18.29,1220.207468
18.3,1069.867876
18.31,1092.272334
18.32,1189.949326
18.33,1138.378027
18.34,1236.340408
18.35,1358.821004
18.36,1158.916003
18.37,1157.19853
18.38,1156.088463
18.39,1155.143004
18.4,1228.194863
18.41,1052.799484
18.42,1200.227646
18.43,1173.863036
18.44,1222.21425
18.45,1270.401213
18.46,1244.091657
18.47,1192.283475
18.48,1142.349901
18.49,1139.642351
18.5,1164.029858
18.51,1210.729934
18.52,1184.327995
18.53,1083.466956
18.54,1131.464017
18.55,1080.203623
18.56,1029.781714
18.57,1201.541758
18.58,1076.356208
18.58,1076.356208
18.59,1099.261421
18.6,1098.005116
18.61,1096.444112
18.62,1194.215368
18.63,1292.005622
18.64,1191.880333
18.65,1165.454968
18.66,1163.700742
18.67,1212.354349
18.68,1210.425731
18.69,1059.943455
18.7,885.1824972
18.71,883.3496797
18.72,1105.312908
18.73,1079.056818
18.74,1300.382745
18.75,1249.443764
18.76,1025.497043
18.77,973.545026
18.78,1220.312826
18.79,1244.093219
18.8,895.3632588
18.81,1042.977305
18.82,1041.432787
18.83,1089.200812
18.84,1137.60999
18.85,863.4116683
18.86,1183.752933
18.87,1156.879718
18.88,1105.671999
18.89,1154.001999
18.9,1028.416648
18.9,1028.416648
18.91,928.2606175
18.92,1348.548881
18.93,1347.328322
18.94,1146.460911
18.95,1195.767965
18.96,971.4450393
18.97,969.859867
18.98,1091.406785
18.99,1041.214136
19,1164.333794
19.01,1212.128434
19.02,987.2242295
19.03,1034.55738
19.04,1032.798658
19.05,1056.56232
19.06,1154.421669
19.07,1003.991403
19.08,1200.9471
19.09,1026.770408
19.1,974.8801463
19.11,949.8333761
19.12,1171.402538
19.13,897.7663069
19.14,1119.081456
19.15,1117.940314
19.16,1041.727492
19.17,1214.259207
19.18,1212.573789
19.19,1062.374502
19.19,1062.374502
19.19,1062.374502
19.19,1062.374502
19.19,1062.374502
19.19,1062.374502
19.2,1160.382489
19.21,960.9097215
19.22,1107.595818
19.22,1107.595818
19.23,1081.906331
19.24,1080.727546
19.25,855.6469541
19.26,853.7785626
19.27,1099.996938
19.28,1073.833592
19.29,948.3633249
19.3,922.806429
19.31,1119.624864
19.32,1242.455345
19.33,1167.274561
19.34,942.6214244
19.35,990.444978
19.36,988.9665439
19.37,988.2777007
19.38,1011.052037
19.39,1009.898361
19.4,1008.070099
19.41,1130.829247
19.42,930.5916225
19.43,1028.020628
19.44,902.7996008
19.45,926.391053
19.46,900.3492976
19.47,998.1864621
19.48,996.4489127
19.49,971.2115923
19.5,1043.551662
19.51,943.4879884
19.52,966.7557313
19.53,1064.243003
19.54,864.589803
19.54,864.589803
19.55,1036.223485
19.56,1109.629628
19.57,1107.89231
19.58,834.3490358
19.59,833.0482783
19.6,980.1558278
19.61,928.7647003
19.62,1026.083749
19.63,950.3572405
19.64,998.6434336
19.65,823.9402948
19.66,946.4217225
19.67,1019.324058
19.68,968.6086821
19.69,892.4350035
19.7,891.1277556
19.71,1063.228649
19.72,1086.704046
19.73,937.2882237
19.74,860.7181473
19.75,934.4442662
19.76,808.7204444
19.77,1030.113549
19.78,904.7592993
19.79,1027.451089
19.8,926.7302418
19.81,925.7110975
19.82,849.7992366
19.83,948.1110373
19.84,996.3585047
19.85,920.7063873
19.86,819.5913622
19.86,819.5913622
19.87,917.3918189
19.88,767.0473464
19.89,914.1891211
19.9,987.8046368
19.91,862.9821388
19.92,861.1348304
19.93,760.5314853
19.94,981.8255129
19.95,931.6743324
19.96,904.3047399
19.97,878.3746438
19.98,753.6627444
19.99,875.6585218
20,800.0997314
20.01,749.0518737
20.02,847.1418692
20.03,845.6524195
20.04,843.742672
20.05,867.5043459
20.06,865.9682733
20.07,839.6168664
20.08,1061.663076
20.09,738.3309023
20.1,786.4280071
20.11,809.9727319
20.12,956.9871367
20.13,831.3568902
20.14,829.9501772
20.15,778.6855489
20.16,704.0377168
20.17,875.3485375
20.18,874.5827465
20.18,874.5827465
20.19,996.7144597
20.19,996.7144597
20.19,996.7144597
20.19,996.7144597
20.19,996.7144597
20.19,996.7144597
20.2,995.5487324
20.21,770.3889067
20.22,818.6172696
20.23,842.4405641
20.24,791.6722673
20.25,790.6661669
20.26,764.3231349
20.27,861.8354859
20.28,811.1916417
20.29,859.2553938
20.3,908.0518058
20.31,807.0828232
20.32,979.4491823
20.33,878.8396378
20.34,927.0939159
20.35,876.7307487
20.36,874.7005464
20.37,997.9121158
20.38,823.0154591
20.39,673.056526
20.4,844.6268474
20.41,818.7997571
20.42,941.8270117
20.43,915.4498687
20.44,839.4686168
20.45,838.8288925
20.46,812.8505405
20.47,811.9924852
20.48,884.5389785
20.49,833.9252607
20.5,857.7213938
20.5,857.7213938
20.51,881.3585881
20.52,978.8268344
20.53,828.8117045
20.54,801.9941019
20.55,900.2142906
20.56,799.7268694
20.57,922.3921441
20.58,921.7738694
20.59,821.2891383
20.6,844.8280952
20.61,868.1113506
20.62,742.5241483
20.63,1014.568218
20.64,716.0621156
20.65,1012.078029
20.66,862.2415802
20.67,910.6382388
20.68,883.7297788
20.69,883.0207308
20.7,856.8333883
20.71,806.1121645
20.72,681.6296765
20.73,803.4130234
20.74,677.9827847
20.75,626.7229253
20.76,724.5650439
20.77,847.6110849
20.78,995.225469
20.79,845.1345116
20.8,844.0480618
20.81,916.7599715
20.82,792.2021432
20.82,792.2021432
20.83,691.8690862
20.84,814.951237
20.85,788.9273569
20.86,738.0365905
20.87,786.6305389
20.88,760.5846852
20.89,684.9445161
20.9,733.4937487
20.91,732.0982662
20.92,730.4984004
20.93,506.3024325
20.94,926.3022618
20.95,825.4566564
20.96,824.5070389
20.97,897.0665309
20.98,796.5398196
20.99,795.7018833
21,645.9425938
21.01,892.4304972
21.02,891.7218265
21.03,741.8232173
21.04,591.7835537
21.05,863.3031407
21.06,837.3170036
21.07,761.0852702
21.08,884.0916955
21.09,635.2103403
21.1,733.1849129
21.11,781.5502955
21.12,854.0630037
21.13,853.115043
21.14,752.4043254
21.14,752.4043254
21.15,826.6244867
21.16,825.8638058
21.17,700.686715
21.18,848.2930313
21.19,847.1123025
21.19,847.1123025
21.19,847.1123025
21.19,847.1123025
21.19,847.1123025
21.19,847.1123025
21.2,746.8037515
21.21,844.5900307
21.22,818.4653007
21.23,767.7707668
21.24,766.4854846
21.25,739.8972104
21.26,764.0040413
21.27,862.3551174
21.28,688.1809058
21.29,786.005896
21.3,784.6698088
21.31,733.5694914
21.32,732.4859512
21.33,607.8323998
21.34,754.9083068
21.35,753.4780045
21.36,578.7350471
21.37,651.8068473
21.38,799.1181885
21.39,798.0675604
21.4,771.5949032
21.41,795.2440966
21.42,670.617865
21.43,694.2683719
21.44,693.0452214
21.45,716.5117866
21.46,715.2742284
21.46,715.2742284
21.47,714.3304131
21.48,712.6156088
21.49,860.1825404
21.5,685.9036794
21.51,734.1107956
21.52,534.7142936
21.53,657.4407576
21.54,780.5271531
21.55,655.7085332
21.56,753.8296288
21.57,752.4170027
21.58,527.9338879
21.59,700.2288667
21.6,723.8673412
21.61,648.7231743
21.62,770.9044724
21.63,770.1987666
21.64,619.9752844
21.65,594.199287
21.66,617.8050986
21.67,716.0468797
21.68,715.1603381
21.69,788.2414898
21.7,638.3428676
21.71,636.6362361
21.72,635.4426238
21.73,634.5822118
21.74,683.1818176
21.75,681.6389086
21.76,804.7819972
21.77,679.2389947
21.78,702.9717739
21.78,702.9717739
21.79,701.8740184
21.8,576.6968983
21.81,550.0685351
21.82,748.5608808
21.83,746.443182
21.84,597.2128912
21.85,669.9438962
21.86,594.8114022
21.87,643.2151173
21.88,642.6565481
21.89,740.117818
21.9,740.3204427
21.91,763.255797
21.92,687.0096712
21.93,586.603182
21.94,586.0925955
21.95,758.4365488
21.96,658.1441982
21.97,483.3790013
21.98,730.115567
21.99,630.16345
22,652.8847851
22.01,651.8013899
22.02,626.7600029
22.03,649.9783191
22.04,698.6760302
22.05,697.9361869
22.06,597.0226439
22.07,844.307465
22.08,669.6761667
22.09,643.6500992
22.1,568.5744226
22.1,568.5744226
22.11,542.6700849
22.12,541.4358845
22.13,614.7738775
22.14,663.4545238
22.15,786.1608148
22.16,784.7338383
22.17,634.981053
22.18,609.1308867
22.19,608.0053715
22.19,608.0053715
22.19,608.0053715
22.19,608.0053715
22.19,608.0053715
22.19,608.0053715
22.2,581.8390787
22.21,655.6412469
22.22,679.3220872
22.23,678.1008783
22.24,602.8451101
22.25,874.2960015
22.26,674.9533557
22.27,648.7394084
22.28,598.1667323
22.29,373.973153
22.3,522.2308251
22.31,619.7410623
22.32,618.5346956
22.33,766.5766588
22.34,765.2087854
22.35,590.6178914
22.36,564.5220233
22.37,464.4436221
22.38,661.5749109
22.39,635.822655
22.4,386.6996228
22.41,534.5551949
22.42,582.7323069
22.42,582.7323069
22.43,656.0896182
22.44,630.9462821
22.45,629.5173073
22.46,578.9992328
22.47,552.8998216
22.48,526.9106759
22.49,476.2059635
22.5,673.2894119
22.51,473.7174482
22.52,423.4182066
22.53,471.9543086
22.54,693.8004258
22.55,519.0801204
22.56,517.8919385
22.57,739.7308926
22.58,490.9941037
22.59,514.5555601
22.6,513.2927057
22.61,437.270471
22.62,659.4973763
22.63,608.6510263
22.64,657.5337442
22.65,731.1345081
22.66,308.7094922
22.67,307.7433336
22.68,728.2400248
22.69,553.9415625
22.7,652.0314751
22.71,328.5096733
22.72,501.2287868
22.73,400.6179754
22.74,572.9705713
22.74,572.9705713
22.75,720.7580068
22.76,546.1299785
22.77,545.044207
22.78,543.881074
22.79,468.5230218
22.8,566.446602
22.81,565.9423214
22.82,316.3361448
22.83,488.9201346
22.84,562.2803202
22.85,561.1011944
22.86,461.0402897
22.87,534.2851669
22.88,533.3871707
22.89,532.6185622
22.9,530.9719151
22.91,555.0081326
22.92,405.5131564
22.93,379.6431383
22.94,576.6857
22.95,575.3555124
22.96,748.0134418
22.97,548.7172265
22.98,572.4268903
22.99,447.4233134
23,446.1823258
23.01,717.9376616
23.02,469.0251342
23.03,567.0741841
23.04,417.3346473
23.05,515.2264312
23.06,613.352639
23.06,613.352639
23.07,636.9837378
23.08,512.5602823
23.09,659.7433312
23.1,386.5720916
23.11,385.7210479
23.12,508.7055431
23.13,730.3866292
23.14,481.6089235
23.15,554.9797652
23.16,603.9283063
23.17,503.8032435
23.18,452.8839582
23.19,427.3602429
23.19,427.3602429
23.19,427.3602429
23.19,427.3602429
23.19,427.3602429
23.19,427.3602429
23.2,773.9184059
23.21,599.0614547
23.22,598.0259447
23.23,423.2211062
23.24,521.3791055
23.25,446.1140956
23.26,395.3164823
23.27,543.4909184
23.28,567.1369851
23.29,417.7160915
23.3,689.4243396
23.31,316.712603
23.32,365.1319497
23.33,364.2684375
23.34,561.6114503
23.35,511.0926396
23.36,584.2755747
23.37,434.931831
23.38,408.341398
23.38,408.341398
23.39,432.9418695
23.4,579.9543017
23.41,430.3298988
23.42,602.7835348
23.43,329.3206181
23.44,327.7473757
23.45,450.6146545
23.46,598.4635486
23.47,324.767365
23.48,596.5820743
23.49,397.358157
23.5,569.4231433
23.51,469.7428345
23.52,517.7017631
23.53,294.1113083
23.54,392.0168534
23.55,391.0942878
23.56,415.0181575
23.57,587.7700702
23.58,611.7875735
23.59,511.4208187
23.6,560.3785805
23.61,410.3873811
23.62,458.9305816
23.63,358.937832
23.64,581.1338289
23.65,580.2287402
23.66,578.9759226
23.67,355.340985
23.68,379.1590301
23.69,526.549548
23.7,451.2818948
23.7,451.2818948
23.71,549.816442
23.72,400.0074436
23.73,448.54947
23.74,472.0535297
23.75,521.1480055
23.76,371.279742
23.77,370.9325215
23.78,568.1909137
23.79,567.3438853
23.8,368.2310854
23.81,466.3225272
23.82,465.0496958
23.83,340.4363703
23.84,413.7677353
23.85,511.6263146
23.86,436.448325
23.87,534.9075302
23.88,533.5822229
23.89,532.7330746
23.9,532.0445423
23.91,133.7799565
23.92,381.276896
23.93,429.6485963
23.94,329.6494732
23.95,402.4622119
23.96,302.747244
23.97,450.6236123
23.98,400.030378
23.99,398.7525929
24,298.9188881
24.01,298.1527274
24.02,396.1851415
24.02,396.1851415
24.03,321.0444482
24.04,320.0718726
24.05,542.1991486
24.06,541.7380193
24.07,466.2428659
24.08,465.3833595
24.09,489.117678
24.1,488.4193972
24.11,413.1353642
24.12,411.8882459
24.13,460.5046823
24.14,261.3606503
24.15,260.6225682
24.16,333.5347608
24.17,333.155734
24.18,555.0720716
24.19,331.4938344
24.19,331.4938344
24.19,331.4938344
24.19,331.4938344
24.19,331.4938344
24.19,331.4938344
24.2,330.6899076
24.21,354.3115133
24.22,378.7653667
24.23,426.6556255
24.24,326.9811375
24.25,425.3680592
24.26,473.8058255
24.27,448.1942774
24.28,372.840799
24.29,495.8843854
24.3,370.9493493
24.31,543.3722486
24.32,541.7891443
24.33,293.1225097
24.34,540.2495588
24.34,540.2495588
24.35,464.5867964
24.36,315.6789343
24.37,438.4730247
24.38,586.2057579
24.39,263.2736158
24.4,411.1067424
24.41,484.7885157
24.42,360.2917661
24.43,359.812111
24.44,457.3787379
24.45,407.0424855
24.46,257.8706195
24.47,405.4813557
24.48,280.8000089
24.49,502.8273456
24.5,551.4083146
24.51,178.5372008
24.52,227.5283609
24.53,399.984075
24.54,399.0316258
24.55,372.9394607
24.56,273.1817006
24.57,421.0236379
24.58,469.7650837
24.59,345.2057372
24.6,270.3467523
24.61,244.8785102
24.62,491.2332928
24.63,465.5650116
24.64,390.582905
24.65,389.9282467
24.66,463.34301
24.66,463.34301
24.67,387.8612716
24.68,386.9973387
24.69,386.4018818
24.7,509.498423
24.71,359.5007709
24.72,383.2586338
24.73,457.0801299
24.74,480.6287187
24.75,529.0276134
24.76,528.6300951
24.77,452.8606947
24.78,353.3817932
24.79,476.3396309
24.8,202.6192573
24.81,276.4805932
24.82,300.3387268
24.83,399.2688896
24.84,348.476383
24.85,298.3886116
24.86,421.3128078
24.87,421.1896772
24.88,320.8083883
24.89,369.6719421
24.9,269.4517808
24.91,368.1270325
24.92,441.2430533
24.93,366.595905
24.94,464.2492136
24.95,339.6882876
24.96,338.4427265
24.97,436.7716572
24.98,435.7356398
24.98,435.7356398
24.99,434.9463278
25,285.3961008
25.01,210.3263253
25.02,160.1323014
25.03,456.8032932
25.04,282.6537924
25.05,356.1462007
25.06,454.5257976
25.07,255.2859454
25.08,552.3281123
25.09,552.0139477
25.1,377.3696698
25.11,376.6415268
25.12,227.0521967
25.13,399.7435842
25.14,324.5952751
25.15,447.5363522
25.16,248.4495622
25.17,272.711728
25.18,419.8965725
25.19,419.3970335
25.19,419.3970335
25.19,419.3970335
25.19,419.3970335
25.19,419.3970335
25.19,419.3970335
25.2,418.2733426
25.21,294.1606928
25.22,267.6889398
25.23,440.4791755
25.24,365.2817626
25.25,265.6069338
25.26,289.4462347
25.27,437.3268728
25.28,337.3854257
25.29,337.0101607
25.3,435.0314079
25.3,435.0314079
25.31,434.397098
25.32,309.5275395
25.33,309.2456509
25.34,333.2554456
25.35,332.150994
25.36,380.9804586
25.37,355.4378841
25.38,404.2237618
25.39,452.844316
25.4,476.8659628
25.41,451.4699907
25.42,450.315917
25.43,276.447091
25.44,324.7014633
25.45,448.1170395
25.46,422.4281476
25.47,272.9374245
25.48,247.2494787
25.49,271.3334914
25.5,196.307571
25.51,344.5029923
25.52,318.871989
25.53,318.0297594
25.54,366.7644351
25.55,217.6296074
25.56,291.0562146
25.57,290.108928
25.58,314.4602795
25.59,313.6337564
25.6,387.3877333
25.61,436.1350889
25.62,310.9802171
25.62,310.9802171
25.63,285.3151241
25.64,284.4142778
25.65,333.4739071
25.66,307.2904958
25.67,182.5947037
25.68,330.5517251
25.69,354.8479751
25.7,428.4160113
25.71,327.6951672
25.72,352.0569727
25.73,351.679742
25.74,202.0212164
25.75,201.3234589
25.76,349.5508118
25.77,447.5921837
25.78,347.9207421
25.79,347.0113355
25.8,346.3631137
25.81,246.7587068
25.82,146.8641494
25.83,244.9693488
25.84,318.7108494
25.85,342.4997636
25.86,341.7133947
25.87,563.8428735
25.88,340.0351708
25.89,240.0506759
25.9,264.1539793
25.91,263.6225889
25.92,436.0741969
25.93,311.4154597
25.94,211.7922
25.94,211.7922
25.95,408.9167427
25.96,383.0894157
25.97,382.7941867
25.98,382.241414
25.99,307.7633778
26,331.8535091
26.01,281.5682137
26.02,280.4117556
26.03,280.0177585
26.04,328.2869865
26.05,377.9991172
26.06,402.1432174
26.07,301.7150099
26.08,301.5245455
26.09,350.1389514
26.1,398.7716929
26.11,323.285557
26.12,298.1001709
26.13,297.1699943
26.14,246.7875947
26.15,295.1811603
26.16,343.997622
26.17,368.026168
26.18,243.3855881
26.18,243.3855881
26.18,243.3855881
26.18,243.3855881
26.18,243.3855881
26.18,243.3855881
26.19,242.7145044
26.2,217.4346701
26.21,191.516862
26.22,91.90812598
26.23,264.3865745
26.24,387.6574425
26.25,238.4958048
26.26,262.5355329
26.26,262.5355329
26.27,335.865123
26.28,236.290285
26.29,160.9678316
26.3,160.0631441
26.31,283.4918625
26.32,232.768895
26.33,355.8787617
26.34,181.6162557
26.35,279.9423171
26.36,229.743061
26.37,179.57836
26.38,352.0377658
26.39,376.304377
26.4,152.5985304
26.41,151.7491826
26.42,175.5188553
26.43,323.56421
26.44,297.7879603
26.45,272.2587544
26.46,122.7533425
26.47,270.8678841
26.48,319.8364536
26.49,319.2090143
26.5,169.7057006
26.51,243.4419519
26.52,242.6165481
26.53,291.5381997
26.54,290.6316289
26.55,265.2572646
26.56,91.19084256
26.57,264.041471
26.58,336.9400927
26.58,336.9400927
26.59,311.2681732
26.6,236.6452053
26.61,285.1895734
26.62,235.300092
26.63,234.0839367
26.64,308.0371534
26.65,356.6365543
26.66,306.3483277
26.67,230.9536134
26.68,354.734433
26.69,303.9107007
26.7,278.5209838
26.71,327.7760725
26.72,327.1073107
26.73,252.0280047
26.74,251.5104739
26.75,175.7834325
26.76,225.1078399
26.77,125.0595316
26.78,273.2208241
26.79,123.6261688
26.8,345.920097
26.81,295.9189534
26.82,270.2146764
26.83,368.6649542
26.84,318.1761222
26.85,317.724837
26.86,143.5721911
26.87,341.1042562
26.88,290.7061446
26.89,166.26767
26.9,115.6933951
26.9,115.6933951
26.91,238.4830834
26.92,238.4075352
26.93,262.4391817
26.94,286.2441113
26.95,285.684264
26.96,285.3329852
26.97,234.5020607
26.98,333.0245022
26.99,332.7063753
27,306.7559498
27.01,232.0280424
27.02,256.2852371
27.03,156.6667685
27.04,280.0375882
27.05,303.7391079
27.06,254.1120477
27.07,252.8421009
27.08,327.1740684
27.09,226.9551049
27.1,127.2571531
27.11,250.4598502
27.12,299.4871065
27.13,274.1241941
27.14,0.5450007512
27.15,371.3313398
27.16,271.5608123
27.17,147.0402166
27.18,146.3324454
27.19,319.4004219
27.19,319.4004219
27.19,319.4004219
27.19,319.4004219
27.19,319.4004219
27.19,319.4004219
27.2,293.7227142
27.21,317.7998608
27.22,242.8545821
27.22,242.8545821
27.23,366.0138101
27.24,241.4305711
27.25,166.4742482
27.26,215.6806803
27.27,190.1021993
27.28,288.2353069
27.29,288.2213958
27.3,213.1390694
27.31,286.5826929
27.32,384.762338
27.33,161.067609
27.34,235.1512211
27.35,234.3909088
27.36,283.1770993
27.37,357.0753889
27.38,331.3921023
27.39,181.9872967
27.4,181.3234508
27.41,81.44180197
27.42,353.1665511
27.43,203.6876384
27.44,326.9066994
27.45,252.0376211
27.46,251.5776831
27.47,52.44412512
27.48,300.2871536
27.49,101.8498494
27.5,201.0747861
27.51,200.8020445
27.52,225.0235167
27.53,75.79756621
27.54,100.1872922
27.54,100.1872922
27.55,174.0318347
27.56,198.2544993
27.57,197.0666114
27.58,122.7224802
27.59,295.4504049
27.6,195.3954078
27.61,194.8960663
27.62,194.2903881
27.63,69.70162009
27.64,44.54474312
27.65,142.4695559
27.66,42.78582965
27.67,116.3204271
27.68,165.119446
27.69,238.6523143
27.7,163.5567871
27.71,163.0015909
27.72,38.35761511
27.73,37.73101363
27.74,210.6375332
27.75,334.1149449
27.76,184.4748501
27.77,134.4476723
27.78,257.788733
27.79,108.2021194
27.8,82.76403995
27.81,206.4679077
27.82,131.170656
27.83,130.6505909
27.84,130.1635014
27.85,79.87376539
27.86,78.91464739
27.86,78.91464739
27.87,28.9535072
27.88,201.7206139
27.89,126.6779482
27.9,151.2546059
27.91,249.4985207
27.92,124.3609518
27.93,74.6060976
27.94,73.2813704
27.95,97.71409206
27.96,146.4721165
27.97,145.9729132
27.98,219.3206668
27.99,119.8733225
28,69.54658616
28.01,168.1338749
28.02,241.4409164
28.03,116.9602308
28.04,140.9070765
28.05,140.6024279
28.06,164.187818
28.07,262.9361112
28.08,212.9362422
28.09,63.36731096
28.1,211.596452
28.11,161.5539421
28.12,86.19119382
28.13,85.7576547
28.14,134.6006128
28.15,183.7612027
28.16,182.9371711
28.17,107.9556266
28.18,107.2053001
28.18,107.2053001
28.19,106.3543328
28.19,106.3543328
28.19,106.3543328
28.19,106.3543328
28.19,106.3543328
28.19,106.3543328
28.2,81.23051412
28.21,254.1597382
28.22,-18.92949943
28.23,153.8880346
28.24,-20.10052096
28.25,78.43132226
28.26,176.9495959
28.27,-96.22118157
28.28,-97.10296728
28.29,-23.07905064
28.3,198.8808471
28.31,124.0807646
28.32,123.1714009
28.33,48.15608398
28.34,146.8728746
28.35,195.8402502
28.36,145.7077339
28.37,145.126243
28.38,94.92383302
28.39,93.9292815
28.4,-55.98827363
28.41,42.22326718
28.42,115.3285893
28.43,89.32864338
28.44,137.7457492
28.45,285.5589264
28.46,160.4264385
28.47,159.6275099
28.48,158.4258996
,
,
,
,
,
,
,
,
,
,
,
,
,
,
,
,
,
,
,
,
,
,
,
,
,
,
,
,
,
,
,
,
,
,
,
,
,
,
,
,
,
,
,
,
,
,
,
,
,
,
,
,
,
,
,
,
,
,
,
,
,
,
,
,
,
,
,
,
,
,
,
,
,
,
,
,
,
,
,
,
,
,
,
,
,
,
,
,
,
,
,
,
,
,
,
,
,
,
,
,
,
,
,
,
,
,
,
,
,
,
,
,
,
,
,
,
,
,
,
,
,
,
,
,
,
,
,
,
,
,
,
,
,
,
,
,
,
,
,
,
,
,
,
,
,
,
,
,
,
,
,
,
,
,
,
,
,
,
,
,
,
,
,
,
,
,
,
,
,
,
,
,
,
,
,
,
,
,
,
,
,
,
,
,
,
,
,
,
,
,
,
,
,
,
,
,
,
,
,
,
,
,
,
,
,
#REF!,
#REF!,
#REF!,
#REF!,
#REF!,
#REF!,
#REF!,
#REF!,
#REF!,
#REF!,
#REF!,
#REF!,
#REF!,
#REF!,
#REF!,
#REF!,
#REF!,
#REF!,
#REF!,
#REF!,
#REF!,
#REF!,
#REF!,
#REF!,
#REF!,
#REF!,
#REF!,
#REF!,
#REF!,
#REF!,
#REF!,
#REF!,
#REF!,
#REF!,
#REF!,
#REF!,
#REF!,
#REF!,
#REF!,
#REF!,
#REF!,
#REF!,
#REF!,
#REF!,
#REF!,
#REF!,
#REF!,
#REF!,
#REF!,
#REF!,
#REF!,
#REF!,
#REF!,
#REF!,