name,value,unit
Want_ThrustCurve,TRUE,bool
Timestep,0.001,s
outsidePressure_PA,101325,Pa
UploadFromExel,0,bool
Oxtanktemp,288,K
MetalOxtanktemp,295,K
calculate_volume_YN,1,bool
volumeinput,0.001685,m^3
oxtanklength,2.895,m
oxtankOD,0.168275,m
oxtankID,0.161,m
oxtankspecheat,896,J/kgK
oxtankmass,20,kg
WhatOxidizer,N2O,str
oxtankLstart,0.161,m
Ullage,0.03,percent
OxamountwhenfizzstartsConstant,0.05,unitless
Fizzstart2,1,unitless
FizzCurveConstant,1,unitless
NitrousGamma,1.27,unitless
vapour_temp_damping,1,unitless
Is_FuelGrain_just_a_circle,1,bool
FuelGrainRadius,0.01905,m
Regression_Aco,0.198,unitless
Regression_Nco,0.325,unitless
Fuel_Density,1200,kg/m^3
FuelGrainLength,0.3429,m
IntailGoalOf_OF_ratio,6.3,unitless
InitailGoalof_Chamberpressure_Psi,400,psi
OuterGrainRaduis,0.06985,m
OuterDiameter_inches,6.75,inches
RawSillyMotorEffceincy,0.95,unitless
Ncomb_ForChamberPressure,0.91,unitless
NozzleCD_ForChamberPressure,0.95,unitless
start_chamber_pressure_pa,101325,Pa
start_chamber_temperature_k,500,K
regfluxstuff,1,unitless
preccandpostvolume,0.0,m^3
start_gas_gpermole,28.97,g/mol
CenterCircleFuelGrain_Raduis,0.041146,m
AmountofSmallCircles,6,unitless
OutsideSmallCircle_raduis,0.015875,m
revPitch,2.13,unitless
helixrundiameter,0.041146,m
WhatFuel,ABS,str
TimeWhenBoostSops,4.75,s
Is_fuelGrain_Helix,0,bool
Is_FuelGrain_GoshaStar,0,bool
Is_FuelGrain_PixelMethod,1,bool
Is_fuelgrain_Transient,1,bool
Is_start_mass_gas_input,0,bool
Is_vapourPhase_constant_temp,0,bool
Is_sim_flight,0,bool
Is_2phase_flow_injector_model,1,bool
Is_easy_nozzle_regression,1,bool
Is_fizz_when_equal,0,bool
Is_print_pixelstuff,0,bool
InjectorArea,0.000012,m^2
DischargeCo_SPI,0.65,unitless
DischargeCo_HEM,0.65,unitless
PrefferedMassFlowrate_SPI,0.4,kg/s
HowmuchInj_Help,1,unitless
HydrolicDiameter,0.00953,m
VentDiameter,0.0001,m
VentCD,0.9,unitless
NozzleThoatArea,0.0002006448,m^2
NozzleExitArea,0.0005212893,m^2
TakeExpansionAsInput,0,bool
NozzleExpansionAs_Input,4.96,unitless
ThoartAblationRate,0,m/s
ExitAblationRate,0.000183,m/s
max_at_what_pressure_psi,400,psi
max_at_what_OF_ratio,6.3,unitless
wetmass,96.16,kg
drymass,48,kg
burntimecutoff,30,s
dragcofrominputcsv,1,bool
dragcoIfnotcdchart,0.7,unitless
drouge_area,0.67,m^2
drouge_cd,0.97,unitless
main_area,1,m^2
main_cd,1.6,unitless
infaltiontime,2,s
rocketdiameterIn,7,in
startingoutsidetempC,30,C
TempchangePerMeter,0.0065,C/m
pressureOutsideIn,29.97,inHg
realativehumidity,27.44,percent
maindelpyalt,500.0,m
Exportinputs,0,bool
