regression_mm,center_port_area_mm2,center_port_perimeter_mm,center_port_hydraulic_diameter_mm,port_volume_mm3,burned_fuel_volume_mm3,remaining_fuel_volume_mm3,initial_fuel_volume_mm3,burning_surface_area_mm2,mesh_enclosed_volume_mm3,mesh_total_surface_area_mm2
0.0,2013.0282320000001,202.692,39.72585463659148,511207.65306652006,0.0,2705097.7852774803,2705097.7852774803,48252.00600313365,nan,170887.40241731177
5.0,3048.639064,248.41199999999998,49.09004498977505,774238.3018428801,263030.64877636003,2442067.1365011204,2705097.7852774803,59282.073745146416,nan,170887.40241731177
10.0,4335.281652000001,296.164,58.55244596912522,1099470.72234448,588263.06927796,2116834.7159995204,2705097.7852774803,70774.65365811891,nan,170887.40241731177
15.0,5821.859324,341.884,68.11502526002971,1475633.64614616,964425.9930796401,1740671.79219784,2705097.7852774803,82098.9372575745,nan,170887.40241731177
20.0,7521.210764,387.096,77.71933333333334,1905600.2991143602,1394392.6460478401,1310705.1392296401,2705097.7852774803,93399.00556012151,nan,170887.40241731177
25.0,9440.3037,435.86400000000003,86.63531468531468,2388885.2964134,1877677.64334688,827420.1419306,2705097.7852774803,104697.2577154001,nan,170887.40241731177
30.0,11006.365084000001,239.776,183.61078813559322,2782831.6259385203,2271623.972872,433473.81240548,2705097.7852774803,58909.46086396042,nan,170887.40241731177
35.0,12007.072760000001,146.558,327.7084228769498,3036686.4201634,2525478.7670968804,179619.01818060002,2705097.7852774803,36339.593380002654,nan,170887.40241731177
40.0,12555.523276,51.054,983.7053532338308,3179590.95886988,2668383.3058033604,36714.47947412,2705097.7852774803,15864.34907866664,nan,170887.40241731177
45.0,12662.619836000002,0.0,0.0,3214873.8644329603,2703666.21136644,1431.5739110400002,2705097.7852774803,1099.3744796649023,nan,170887.40241731177
50.0,12662.619836000002,0.0,0.0,3216305.4383440004,2705097.7852774803,0.0,2705097.7852774803,0.0,nan,170887.40241731177
