regression_mm,time_s,port_area_mm2,port_perimeter_mm,hydraulic_diameter_mm,max_inscribed_diameter_mm,min_enclosing_diameter_mm,circle_boundary_overlap_mm,largest_arm_contact_mm,remaining_fuel_area_mm2,port_volume_mm3,burning_surface_area_mm2,burnthrough
0.0,0.0,2013.0282320000001,202.692,39.72585463659148,50.43547212032421,50.617370126308245,132.03975724461944,71.86009865428328,10649.591604000001,511207.65306652006,51422.477799999804,False
1.0204081632653061,1.0204081632653061,2167.1569560000003,210.82,41.11862168674699,52.25243649821509,52.6427169506705,112.14357777535116,29.938783206994202,10495.462880000001,550342.0102815201,53486.98979999988,False
2.0408163265306123,2.0408163265306123,2398.05972,221.488,43.30816513761468,54.434280081580944,56.08872755277159,57.84919324178874,10.402705802251484,10264.560116,609121.58949632,56203.11339999994,False
3.0612244897959187,3.0612244897959187,2613.349612,230.12400000000002,45.425068432671075,56.59129120279904,58.62576351621138,46.22456402196728,21.58839528498472,10049.270224,662912.37288228,58354.07684000003,False
4.081632653061225,4.081632653061225,2846.703984,240.284,47.38898942917548,58.64705441878561,61.60006556006857,38.067180850565634,20.048715247964566,9815.915852,722699.4287918,61059.877880000146,False
5.1020408163265305,5.1020408163265305,3076.380944,249.936,49.23469918699187,60.71609539487862,64.49396356390247,36.32033184068003,16.76323008031386,9586.238892000001,781091.6997489601,63537.29228000021,False
6.122448979591837,6.122448979591837,3323.606256,259.08000000000004,51.31397647058823,62.803265647576005,67.16139574706813,38.08924285325733,17.26712342680999,9339.01358,843475.3678846001,65835.35220000014,False
7.142857142857143,7.142857142857143,3574.6380120000003,268.73199999999997,53.20747826086958,64.80933315503253,69.97440508759819,33.76484016817853,16.5016136160271,9087.981824,907427.2780450401,68390.18580000024,False
8.16326530612245,8.16326530612245,3837.2181320000004,278.89200000000005,55.035183970856096,66.8169679048668,72.74045511420312,34.77376334243677,18.782908666717674,8825.401704,973836.9200642001,71013.40636000034,False
9.183673469387756,9.183673469387756,4109.411136000001,288.544,56.96754929577466,68.9028548610288,75.55118179116086,34.00500604235806,18.0175778284136,8553.208700000001,1042631.4534426001,73486.94979999983,False
10.204081632653061,10.204081632653061,4387.926708,297.688,58.960075085324235,70.92014777198366,78.21886018638583,30.45132782213664,14.464380715514904,8274.693128,1113104.10410992,75861.13859999993,False
11.224489795918368,11.224489795918368,4674.377748,307.34000000000003,60.836568595041314,72.99661274333214,80.92138591509091,31.99892404624065,18.793018884300064,7988.242088000001,1185869.9605134001,78397.90772000006,False
12.244897959183675,12.244897959183675,4972.957796000001,316.48400000000004,62.852565008025685,75.01390217819628,83.5380498388007,29.4578905000156,14.982892581904487,7689.66204,1261249.0620129602,80864.99956000007,False
13.26530612244898,13.26530612244898,5277.924928,325.62800000000004,64.83379719188767,77.08554769864452,86.1735842790323,28.177174348667503,16.5001471411116,7384.694908,1338075.5509403201,83244.34964000017,False
14.285714285714286,14.285714285714286,5595.472680000001,335.788,66.65482602118004,79.10785043217898,88.82419434885826,27.924117051574566,15.485192183145895,7067.147156,1418488.26688876,85877.89276000016,False
15.306122448979592,15.306122448979592,5918.246228,344.932,68.63087481590574,81.18469412395417,91.4331715958083,30.961201108992405,20.048646619757378,6744.373608000001,1500227.43373268,88343.69427999976,False
16.3265306122449,16.3265306122449,6251.406852,354.076,70.62220373027259,83.25312553892496,94.088477323625,29.96368358700398,18.536855100434668,6411.212984000001,1584291.67915224,90715.30243999977,False
17.346938775510203,17.346938775510203,6593.148104000001,363.22,72.60776503496504,85.27896331452442,96.54629087787976,30.72732087508462,20.569528850263257,6069.471732,1670543.51568048,93191.4265199998,False
18.367346938775512,18.367346938775512,6944.502240000001,372.872,74.4974386920981,87.34793735400967,99.09094599118256,30.46197649926863,19.038735312042892,5718.117596,1759622.6123606402,95655.93771999981,False
19.387755102040817,19.387755102040817,7303.3402320000005,383.03200000000004,76.26872148541113,89.408,101.59442444821767,28.951827143603808,17.01554753176715,5359.279604,1849697.46898476,98098.51347999989,False
20.408163265306122,20.408163265306122,7669.468532000001,391.668,78.32622049286641,91.44,104.09156903904973,28.193335790549803,22.0974794034039,4993.151304,1942621.79023252,100495.92803999971,False
21.42857142857143,21.42857142857143,8048.500032000001,401.32,80.22027341772153,93.58374841819493,106.54061865359706,29.450979202949576,22.08823440221218,4614.119804,2038229.7390162402,102986.24563999962,False
22.448979591836736,22.448979591836736,8436.821836000001,412.496,81.81239901477834,95.63901095264421,108.98796566078798,23.874157679889738,10.413196434845524,4225.798000000001,2136061.41238476,105550.1114799997,False
23.46938775510204,23.46938775510204,8831.143628,421.132,83.88005307599518,98.044,111.38556243462737,28.69383103423497,18.028867286997194,3831.476208,2235597.8320212,107951.39699999974,False
24.48979591836735,24.48979591836735,9235.723464,431.29200000000003,85.65633922261485,100.07600000000001,113.78415788924767,27.42729147921683,21.586294219753988,3426.896372,2337583.1345018,110408.81143999982,False
25.510204081632654,25.510204081632654,9651.5936,415.29,92.96244648318043,102.32133931883418,116.16890598323305,6.6016991829758815,1.7773805492627373,3011.026236,2441655.4934534403,105764.62717999995,True
26.53061224489796,26.53061224489796,10014.689648000001,338.328,118.40213813813817,103.81611096549514,118.32367279089101,2.7919278185743854,2.7919278185743854,2647.9301880000003,2533252.38058188,87149.5031199999,True
27.551020408163264,27.551020408163264,10338.689,299.97400000000005,137.86113463166805,105.156,120.35401031805142,2.5392568568861518,2.5392568568861518,2323.930836,2614307.9610510403,78001.13431999987,True
28.571428571428573,28.571428571428573,10632.623896000001,269.748,157.66751035781547,106.4050838635072,122.46704993780976,1.7767426031825364,1.7767426031825364,2029.99594,2688674.2600600803,71137.59966000005,True
29.591836734693878,29.591836734693878,10903.655612,247.142,176.47596300102776,107.86839032821432,124.66047908941108,2.792257654461737,2.792257654461737,1758.964224,2756936.5415997603,64961.16040000018,True
30.612244897959183,30.612244897959183,11153.784144000001,229.108,194.73408425720623,109.22,126.8100915753308,2.031826792746571,2.031826792746571,1508.835692,2820119.32491136,59515.042260000075,True
31.63265306122449,31.63265306122449,11383.20304,212.598,214.17328554360813,110.744,128.4491257652817,2.285556811286374,2.285556811286374,1279.416796,2878197.1281103604,54383.117039999895,True
32.6530612244898,32.6530612244898,11593.267136,193.04000000000002,240.2251789473684,111.98606227562429,129.58872006273668,1.7768413664118703,1.7768413664118703,1069.3527000000001,2931545.7885096003,49496.03003999995,True
33.673469387755105,33.673469387755105,11787.331264,173.228,272.18073900293257,113.4763300076276,130.04333270163318,1.7774037271781034,1.7774037271781034,875.288572,2980176.8589892,44752.49113999987,True
34.69387755102041,34.69387755102041,11959.33092,152.654,313.37091514143094,114.99778119598658,130.27464718822782,2.5388347476067312,2.5388347476067312,703.2889160000001,3024328.1977831204,40096.37141999999,True
35.714285714285715,35.714285714285715,12113.459644,131.572,368.26861776061776,116.33200000000001,130.1401671510056,1.523840541670915,1.523840541670915,549.160192,3063824.7910478404,35598.638480000125,True
36.734693877551024,36.734693877551024,12249.846468000002,111.76,438.4340181818182,117.856,129.72363832425447,2.0315804871411722,2.0315804871411722,412.773368,3098898.02412704,31105.099080000036,True
37.755102040816325,37.755102040816325,12365.072044,90.932,543.9261005586592,119.38,129.2307904917354,3.0470683627803616,3.0470683627803616,297.547792,3129060.1360607604,26624.14029999994,True
38.775510204081634,38.775510204081634,12463.071848000001,72.89800000000001,683.863581881533,120.57912655182074,128.60751373379662,2.0311554860668846,2.0311554860668846,199.547988,3154761.6891736803,22239.310359999992,True
39.79591836734694,39.79591836734694,12542.620076000001,54.102000000000004,927.3313427230047,122.07230486887678,128.03612077947693,2.285770268639425,2.285770268639425,119.99976000000001,3175971.8757854803,17785.125720000044,True
40.816326530612244,40.816326530612244,12600.29738,37.592,1340.7424324324325,123.54848253216225,127.54974946108675,3.8077731041714307,3.8077731041714307,62.322456,3192313.5476182,13375.134539999992,True
41.83673469387755,41.83673469387755,12640.039236,23.876,2117.6142127659573,124.968,127.18349882301722,2.285502559252447,2.285502559252447,22.5806,3203952.6236948404,8828.046859999991,True
42.85714285714286,42.85714285714286,12660.619840000001,5.8420000000000005,8668.688695652174,126.492,127.003961145437,3.8088147406186597,3.8088147406186597,1.999996,3210817.32867508,4229.0238000000045,True
43.87755102040816,43.87755102040816,12662.619836000002,0.0,0.0,126.98475908549025,126.99935293713048,0.0,0.0,0.0,3213386.4106336804,1863.2220800000002,True
