metric,display_unit,branch,burnthrough_regression,degree,r_squared,equation,coefficient_r_power_2,coefficient_r_power_1,coefficient_r_power_0,coefficient_r_power_3,coefficient_r_power_5,coefficient_r_power_4
port_area_mm2,Port area (mm²),before burn-through,25.510204081632654,2,0.9999921267848915,y = 4.2789r^2 + 191.02r + 1991.85,4.278897055643421,191.0196295949369,1991.848984114774,,,
port_area_mm2,Port area (mm²),after burn-through,25.510204081632654,2,0.9999024441398066,y = - 9.44586r^2 + 817.383r - 5024.23,-9.44585786845815,817.3831122593649,-5024.2262614672645,,,
port_perimeter_mm,Port perimeter (mm),before burn-through,25.510204081632654,2,0.9965455005579187,y = - 0.0361445r^2 + 10.0393r + 200.131,-0.036144460512820414,10.039332632478638,200.13122100122095,,,
port_perimeter_mm,Port perimeter (mm),after burn-through,25.510204081632654,3,0.9923044564364171,y = - 0.0510766r^3 + 5.84191r^2 - 238.488r + 3519.92,5.841908127254236,-238.48759598149604,3519.9204664603744,-0.05107661228308113,,
hydraulic_diameter_mm,Hydraulic diameter (mm),before burn-through,25.510204081632654,2,0.9964782986210836,y = 0.00600416r^2 + 1.78113r + 39.8895,0.006004156753584926,1.7811292417078852,39.88949065430166,,,
hydraulic_diameter_mm,Hydraulic diameter (mm),after burn-through,25.510204081632654,5,0.44637254862043585,y = - 0.197702r^5 + 33.8021r^4 - 2290.28r^3 + 76876.3r^2 - 1.27848e+06r + 8.42818e+06,76876.32837357825,-1278479.7395638225,8428181.894253135,-2290.275688334114,-0.19770211633373544,33.80205378731345
max_inscribed_diameter_mm,Max inscribed diameter (mm),before burn-through,25.510204081632654,2,0.9999529944975042,y = 0.00152704r^2 + 1.98527r + 50.4594,0.001527036699009535,1.985274663843565,50.45935666475261,,,
max_inscribed_diameter_mm,Max inscribed diameter (mm),after burn-through,25.510204081632654,2,0.9994253193115746,y = - 0.00089199r^2 + 1.44057r + 66.0807,-0.0008919899530868581,1.44056733552143,66.08074675536746,,,
min_enclosing_diameter_mm,Min enclosing diameter (mm),before burn-through,25.510204081632654,2,0.9999540631881897,y = - 0.0104023r^2 + 2.85372r + 50.1669,-0.0104023310923131,2.853721763417189,50.16690531256277,,,
min_enclosing_diameter_mm,Min enclosing diameter (mm),after burn-through,25.510204081632654,4,0.9967874867982782,y = 0.000782945r^4 - 0.103423r^3 + 4.94155r^2 - 100.029r + 837.329,4.941549606069131,-100.02911773337918,837.3289454088292,-0.10342348012813908,,0.0007829445448725252
circle_boundary_overlap_mm,Circle boundary contact (mm),before burn-through,25.510204081632654,5,0.964556734056785,y = - 0.000351901r^5 + 0.0247953r^4 - 0.659496r^3 + 8.2058r^2 - 47.7589r + 136.947,8.205801803969743,-47.758933810532,136.94650136390882,-0.6594963348296834,-0.0003519006331785623,0.02479534618512234
circle_boundary_overlap_mm,Circle boundary contact (mm),after burn-through,25.510204081632654,5,0.7767640691311498,y = - 0.000194972r^5 + 0.0338136r^4 - 2.33119r^3 + 79.8686r^2 - 1359.97r + 9210.12,79.86861894588168,-1359.9664158681771,9210.123420727983,-2.33118543262114,-0.00019497239938324107,0.03381358144300172
largest_arm_contact_mm,Largest contact arc (mm),before burn-through,25.510204081632654,5,0.7844484652243158,y = - 0.000298247r^5 + 0.0202688r^4 - 0.509405r^3 + 5.77957r^2 - 28.4231r + 62.3931,5.779565641119183,-28.423056399859924,62.393067274049784,-0.5094049322914485,-0.00029824666650577294,0.02026881816143839
largest_arm_contact_mm,Largest contact arc (mm),after burn-through,25.510204081632654,5,0.4658031157593894,y = - 7.02355e-05r^5 + 0.0114813r^4 - 0.742574r^3 + 23.755r^2 - 375.941r + 2357.56,23.75497169742291,-375.94115789025403,2357.5596687985217,-0.7425740680080182,-7.023550168865359e-05,0.011481279722170794
port_volume_mm3,Whole-grain port volume (mm³),before burn-through,25.510204081632654,2,0.9999919391743248,y = 1070.47r^2 + 48588.5r + 505611,1070.4725098879205,48588.540357096615,505611.22695544414,,,
port_volume_mm3,Whole-grain port volume (mm³),after burn-through,25.510204081632654,2,0.999888629289114,y = - 2316.71r^2 + 202221r - 1.20164e+06,-2316.706710409792,202220.78151986888,-1201644.344061019,,,
burning_surface_area_mm2,Whole-grain burning surface (mm²),before burn-through,25.510204081632654,2,0.9957908140767479,y = - 10.7179r^2 + 2633.82r + 50553.6,-10.717863262329367,2633.8241621729767,50553.606009841256,,,
burning_surface_area_mm2,Whole-grain burning surface (mm²),after burn-through,25.510204081632654,3,0.9954966805111176,y = - 16.0437r^3 + 1801.86r^2 - 71255.1r + 1.01213e+06,1801.8589059155108,-71255.06595781787,1012134.3777141484,-16.043725465545034,,
